run_id,timestamp,zone_id,uv_index,ambient_temp_c,rel_humidity_pct,agent_reasoning_trace,biopesticide_ml,uv_stabilizer_ml,surfactant_ml,carrier_water_ml,total_batch_ml,predicted_surface_tension_mN_m,pump_1_duration_sec,pump_2_duration_sec,pump_3_duration_sec,pump_4_duration_sec,safety_verification_status,mqtt_topic
RUN-F0C0B29A,2026-08-20T06:00:00+00:00,zone_north_cotton,0.28,23.19,77.78,"UV=0.28 (t1/2=48.85h) -> Dosed 0.32% w/v lignin stabilizer. RH=77.78%, Temp=23.19C -> Dosed 0.064% v/v surfactant (gamma=50.79 mN/m). Dispatched 500.0mL batch over 4 channels.",40.0,1.6,0.32,458.08,500.0,50.79,4.0,0.16,0.03,9.16,PASSED,agri/actuator/zone_north_cotton/dosing_dispatch
RUN-0054A50E,2026-08-20T06:15:00+00:00,zone_south_cotton,0.56,25.45,75.36,"UV=0.56 (t1/2=40.91h) -> Dosed 0.39% w/v lignin stabilizer. RH=75.36%, Temp=25.45C -> Dosed 0.067% v/v surfactant (gamma=50.02 mN/m). Dispatched 500.0mL batch over 4 channels.",40.0,1.95,0.33,457.72,500.0,50.02,4.0,0.2,0.03,9.15,PASSED,agri/actuator/zone_south_cotton/dosing_dispatch
RUN-C4F960CB,2026-08-20T06:30:00+00:00,zone_east_orchard,1.4,25.69,72.75,"UV=1.4 (t1/2=35.48h) -> Dosed 0.60% w/v lignin stabilizer. RH=72.75%, Temp=25.69C -> Dosed 0.068% v/v surfactant (gamma=49.44 mN/m). Dispatched 500.0mL batch over 4 channels.",40.0,3.0,0.34,456.66,500.0,49.44,4.0,0.3,0.03,9.13,PASSED,agri/actuator/zone_east_orchard/dosing_dispatch
RUN-E5DB6616,2026-08-20T06:45:00+00:00,zone_west_cotton,2.09,26.3,67.97,"UV=2.09 (t1/2=31.17h) -> Dosed 0.77% w/v lignin stabilizer. RH=67.97%, Temp=26.3C -> Dosed 0.071% v/v surfactant (gamma=48.36 mN/m). Dispatched 500.0mL batch over 4 channels.",40.0,3.86,0.36,455.78,500.0,48.36,4.0,0.39,0.04,9.12,PASSED,agri/actuator/zone_west_cotton/dosing_dispatch
RUN-1D08540C,2026-08-20T07:00:00+00:00,zone_north_cotton,2.83,27.16,67.61,"UV=2.83 (t1/2=27.06h) -> Dosed 0.96% w/v lignin stabilizer. RH=67.61%, Temp=27.16C -> Dosed 0.072% v/v surfactant (gamma=48.18 mN/m). Dispatched 500.0mL batch over 4 channels.",40.0,4.79,0.36,454.85,500.0,48.18,4.0,0.48,0.04,9.1,PASSED,agri/actuator/zone_north_cotton/dosing_dispatch
RUN-6ADA5917,2026-08-20T07:15:00+00:00,zone_south_cotton,2.89,28.25,64.52,"UV=2.89 (t1/2=25.27h) -> Dosed 0.97% w/v lignin stabilizer. RH=64.52%, Temp=28.25C -> Dosed 0.074% v/v surfactant (gamma=47.38 mN/m). Dispatched 500.0mL batch over 4 channels.",40.0,4.86,0.37,454.77,500.0,47.38,4.0,0.49,0.04,9.1,PASSED,agri/actuator/zone_south_cotton/dosing_dispatch
RUN-9FC62327,2026-08-20T07:30:00+00:00,zone_east_orchard,3.45,28.93,61.57,"UV=3.45 (t1/2=22.81h) -> Dosed 1.11% w/v lignin stabilizer. RH=61.57%, Temp=28.93C -> Dosed 0.076% v/v surfactant (gamma=46.66 mN/m). Dispatched 500.0mL batch over 4 channels.",40.0,5.56,0.38,454.06,500.0,46.66,4.0,0.56,0.04,9.08,PASSED,agri/actuator/zone_east_orchard/dosing_dispatch
RUN-3FCEE6E6,2026-08-20T07:45:00+00:00,zone_west_cotton,4.82,29.28,60.57,"UV=4.82 (t1/2=19.41h) -> Dosed 1.46% w/v lignin stabilizer. RH=60.57%, Temp=29.28C -> Dosed 0.077% v/v surfactant (gamma=46.4 mN/m). Dispatched 500.0mL batch over 4 channels.",40.0,7.28,0.39,452.33,500.0,46.4,4.0,0.73,0.04,9.05,PASSED,agri/actuator/zone_west_cotton/dosing_dispatch
RUN-1C5A3C90,2026-08-20T08:00:00+00:00,zone_north_cotton,4.66,30.95,59.22,"UV=4.66 (t1/2=17.97h) -> Dosed 1.42% w/v lignin stabilizer. RH=59.22%, Temp=30.95C -> Dosed 0.079% v/v surfactant (gamma=45.89 mN/m). Dispatched 500.0mL batch over 4 channels.",40.0,7.08,0.39,452.53,500.0,45.89,4.0,0.71,0.04,9.05,PASSED,agri/actuator/zone_north_cotton/dosing_dispatch
RUN-91A964F8,2026-08-20T08:15:00+00:00,zone_south_cotton,5.6,31.6,52.71,"UV=5.6 (t1/2=15.87h) -> Dosed 1.65% w/v lignin stabilizer. RH=52.71%, Temp=31.6C -> Dosed 0.083% v/v surfactant (gamma=44.39 mN/m). Dispatched 500.0mL batch over 4 channels.",40.0,8.25,0.42,451.33,500.0,44.39,4.0,0.82,0.04,9.03,PASSED,agri/actuator/zone_south_cotton/dosing_dispatch
RUN-7C17CA9A,2026-08-20T08:30:00+00:00,zone_east_orchard,6.06,30.64,52.87,"UV=6.06 (t1/2=16.08h) -> Dosed 1.76% w/v lignin stabilizer. RH=52.87%, Temp=30.64C -> Dosed 0.083% v/v surfactant (gamma=44.56 mN/m). Dispatched 500.0mL batch over 4 channels.",40.0,8.82,0.41,450.77,500.0,44.56,4.0,0.88,0.04,9.02,PASSED,agri/actuator/zone_east_orchard/dosing_dispatch
RUN-C533731D,2026-08-20T08:45:00+00:00,zone_west_cotton,6.93,32.52,51.2,"UV=6.93 (t1/2=13.49h) -> Dosed 1.98% w/v lignin stabilizer. RH=51.2%, Temp=32.52C -> Dosed 0.084% v/v surfactant (gamma=43.93 mN/m). Dispatched 500.0mL batch over 4 channels.",40.0,9.91,0.42,449.67,500.0,43.93,4.0,0.99,0.04,8.99,PASSED,agri/actuator/zone_west_cotton/dosing_dispatch
RUN-D84ACBD0,2026-08-20T09:00:00+00:00,zone_north_cotton,6.95,32.98,47.79,"UV=6.95 (t1/2=13.13h) -> Dosed 1.99% w/v lignin stabilizer. RH=47.79%, Temp=32.98C -> Dosed 0.087% v/v surfactant (gamma=43.12 mN/m). Dispatched 500.0mL batch over 4 channels.",40.0,9.94,0.43,449.63,500.0,43.12,4.0,0.99,0.04,8.99,PASSED,agri/actuator/zone_north_cotton/dosing_dispatch
RUN-C5430170,2026-08-20T09:15:00+00:00,zone_south_cotton,7.94,34.13,42.8,"UV=7.94 (t1/2=11.43h) -> Dosed 2.24% w/v lignin stabilizer. RH=42.8%, Temp=34.13C -> Dosed 0.090% v/v surfactant (gamma=41.85 mN/m). Dispatched 500.0mL batch over 4 channels.",40.0,11.18,0.45,448.37,500.0,41.85,4.0,1.12,0.04,8.97,PASSED,agri/actuator/zone_south_cotton/dosing_dispatch
RUN-37281E27,2026-08-20T09:30:00+00:00,zone_east_orchard,8.01,34.46,43.39,"UV=8.01 (t1/2=11.17h) -> Dosed 2.25% w/v lignin stabilizer. RH=43.39%, Temp=34.46C -> Dosed 0.090% v/v surfactant (gamma=41.93 mN/m). Dispatched 500.0mL batch over 4 channels.",40.0,11.26,0.45,448.29,500.0,41.93,4.0,1.13,0.04,8.97,PASSED,agri/actuator/zone_east_orchard/dosing_dispatch
RUN-E8CE6F6E,2026-08-20T09:45:00+00:00,zone_west_cotton,8.18,35.18,40.06,"UV=8.18 (t1/2=10.61h) -> Dosed 2.29% w/v lignin stabilizer. RH=40.06%, Temp=35.18C -> Dosed 0.093% v/v surfactant (gamma=41.09 mN/m). Dispatched 500.0mL batch over 4 channels.",40.0,11.47,0.46,448.07,500.0,41.09,4.0,1.15,0.05,8.96,PASSED,agri/actuator/zone_west_cotton/dosing_dispatch
RUN-5DA7EAA8,2026-08-20T10:00:00+00:00,zone_north_cotton,8.86,35.57,40.66,"UV=8.86 (t1/2=9.9h) -> Dosed 2.46% w/v lignin stabilizer. RH=40.66%, Temp=35.57C -> Dosed 0.093% v/v surfactant (gamma=41.16 mN/m). Dispatched 500.0mL batch over 4 channels.",40.0,12.32,0.46,447.22,500.0,41.16,4.0,1.23,0.05,8.94,PASSED,agri/actuator/zone_north_cotton/dosing_dispatch
RUN-8E6ED56A,2026-08-20T10:15:00+00:00,zone_south_cotton,8.55,36.07,39.53,"UV=8.55 (t1/2=9.85h) -> Dosed 2.39% w/v lignin stabilizer. RH=39.53%, Temp=36.07C -> Dosed 0.093% v/v surfactant (gamma=40.83 mN/m). Dispatched 500.0mL batch over 4 channels.",40.0,11.94,0.47,447.59,500.0,40.83,4.0,1.19,0.05,8.95,PASSED,agri/actuator/zone_south_cotton/dosing_dispatch
RUN-4516D6DE,2026-08-20T10:30:00+00:00,zone_east_orchard,9.93,37.22,37.65,"UV=9.93 (t1/2=8.44h) -> Dosed 2.73% w/v lignin stabilizer. RH=37.65%, Temp=37.22C -> Dosed 0.095% v/v surfactant (gamma=40.23 mN/m). Dispatched 500.0mL batch over 4 channels.",40.0,13.66,0.48,445.86,500.0,40.23,4.0,1.37,0.05,8.92,PASSED,agri/actuator/zone_east_orchard/dosing_dispatch
RUN-EDB0609A,2026-08-20T10:45:00+00:00,zone_west_cotton,9.96,37.56,33.86,"UV=9.96 (t1/2=8.27h) -> Dosed 2.74% w/v lignin stabilizer. RH=33.86%, Temp=37.56C -> Dosed 0.098% v/v surfactant (gamma=39.33 mN/m). Dispatched 500.0mL batch over 4 channels.",40.0,13.7,0.49,445.81,500.0,39.33,4.0,1.37,0.05,8.92,PASSED,agri/actuator/zone_west_cotton/dosing_dispatch
RUN-8555CBFE,2026-08-20T11:00:00+00:00,zone_north_cotton,10.14,37.97,34.46,"UV=10.14 (t1/2=8.0h) -> Dosed 2.79% w/v lignin stabilizer. RH=34.46%, Temp=37.97C -> Dosed 0.098% v/v surfactant (gamma=39.4 mN/m). Dispatched 500.0mL batch over 4 channels.",40.0,13.93,0.49,445.58,500.0,39.4,4.0,1.39,0.05,8.91,PASSED,agri/actuator/zone_north_cotton/dosing_dispatch
RUN-41B57747,2026-08-20T11:15:00+00:00,zone_south_cotton,10.88,37.73,35.45,"UV=10.88 (t1/2=7.74h) -> Dosed 2.97% w/v lignin stabilizer. RH=35.45%, Temp=37.73C -> Dosed 0.097% v/v surfactant (gamma=39.66 mN/m). Dispatched 500.0mL batch over 4 channels.",40.0,14.85,0.48,444.67,500.0,39.66,4.0,1.48,0.05,8.89,PASSED,agri/actuator/zone_south_cotton/dosing_dispatch
RUN-2D03CB57,2026-08-20T11:30:00+00:00,zone_east_orchard,11.21,37.92,33.34,"UV=11.21 (t1/2=7.51h) -> Dosed 3.00% w/v lignin stabilizer. RH=33.34%, Temp=37.92C -> Dosed 0.098% v/v surfactant (gamma=39.16 mN/m). Dispatched 500.0mL batch over 4 channels.",40.0,15.0,0.49,444.51,500.0,39.16,4.0,1.5,0.05,8.89,PASSED,agri/actuator/zone_east_orchard/dosing_dispatch
RUN-99D04025,2026-08-20T11:45:00+00:00,zone_west_cotton,10.46,38.41,32.43,"UV=10.46 (t1/2=7.66h) -> Dosed 2.87% w/v lignin stabilizer. RH=32.43%, Temp=38.41C -> Dosed 0.099% v/v surfactant (gamma=38.87 mN/m). Dispatched 500.0mL batch over 4 channels.",40.0,14.33,0.5,445.17,500.0,38.87,4.0,1.43,0.05,8.9,PASSED,agri/actuator/zone_west_cotton/dosing_dispatch
RUN-DF6C545A,2026-08-20T12:00:00+00:00,zone_north_cotton,11.08,38.47,31.01,"UV=11.08 (t1/2=7.35h) -> Dosed 3.00% w/v lignin stabilizer. RH=31.01%, Temp=38.47C -> Dosed 0.100% v/v surfactant (gamma=38.54 mN/m). Dispatched 500.0mL batch over 4 channels.",40.0,15.0,0.5,444.5,500.0,38.54,4.0,1.5,0.05,8.89,PASSED,agri/actuator/zone_north_cotton/dosing_dispatch
RUN-E0AA20BE,2026-08-20T12:15:00+00:00,zone_south_cotton,11.38,38.56,30.6,"UV=11.38 (t1/2=7.19h) -> Dosed 3.00% w/v lignin stabilizer. RH=30.6%, Temp=38.56C -> Dosed 0.100% v/v surfactant (gamma=38.44 mN/m). Dispatched 500.0mL batch over 4 channels.",40.0,15.0,0.5,444.5,500.0,38.44,4.0,1.5,0.05,8.89,PASSED,agri/actuator/zone_south_cotton/dosing_dispatch
RUN-201CC255,2026-08-20T12:30:00+00:00,zone_east_orchard,11.19,38.79,29.4,"UV=11.19 (t1/2=7.18h) -> Dosed 3.00% w/v lignin stabilizer. RH=29.4%, Temp=38.79C -> Dosed 0.101% v/v surfactant (gamma=38.13 mN/m). Dispatched 500.0mL batch over 4 channels.",40.0,15.0,0.51,444.49,500.0,38.13,4.0,1.5,0.05,8.89,PASSED,agri/actuator/zone_east_orchard/dosing_dispatch
RUN-55352DDB,2026-08-20T12:45:00+00:00,zone_west_cotton,11.44,39.09,28.75,"UV=11.44 (t1/2=6.97h) -> Dosed 3.00% w/v lignin stabilizer. RH=28.75%, Temp=39.09C -> Dosed 0.102% v/v surfactant (gamma=37.93 mN/m). Dispatched 500.0mL batch over 4 channels.",40.0,15.0,0.51,444.49,500.0,37.93,4.0,1.5,0.05,8.89,PASSED,agri/actuator/zone_west_cotton/dosing_dispatch
RUN-32112112,2026-08-20T13:00:00+00:00,zone_north_cotton,12.19,39.11,28.71,"UV=12.19 (t1/2=6.67h) -> Dosed 3.00% w/v lignin stabilizer. RH=28.71%, Temp=39.11C -> Dosed 0.102% v/v surfactant (gamma=37.92 mN/m). Dispatched 500.0mL batch over 4 channels.",40.0,15.0,0.51,444.49,500.0,37.92,4.0,1.5,0.05,8.89,PASSED,agri/actuator/zone_north_cotton/dosing_dispatch
RUN-75BFA655,2026-08-20T13:15:00+00:00,zone_south_cotton,10.97,38.68,29.31,"UV=10.97 (t1/2=7.32h) -> Dosed 2.99% w/v lignin stabilizer. RH=29.31%, Temp=38.68C -> Dosed 0.101% v/v surfactant (gamma=38.13 mN/m). Dispatched 500.0mL batch over 4 channels.",40.0,14.96,0.51,444.53,500.0,38.13,4.0,1.5,0.05,8.89,PASSED,agri/actuator/zone_south_cotton/dosing_dispatch
RUN-A4A55913,2026-08-20T13:30:00+00:00,zone_east_orchard,11.0,38.61,28.05,"UV=11.0 (t1/2=7.34h) -> Dosed 3.00% w/v lignin stabilizer. RH=28.05%, Temp=38.61C -> Dosed 0.102% v/v surfactant (gamma=37.85 mN/m). Dispatched 500.0mL batch over 4 channels.",40.0,15.0,0.51,444.49,500.0,37.85,4.0,1.5,0.05,8.89,PASSED,agri/actuator/zone_east_orchard/dosing_dispatch
RUN-96FB6519,2026-08-20T13:45:00+00:00,zone_west_cotton,11.4,38.37,29.97,"UV=11.4 (t1/2=7.25h) -> Dosed 3.00% w/v lignin stabilizer. RH=29.97%, Temp=38.37C -> Dosed 0.101% v/v surfactant (gamma=38.33 mN/m). Dispatched 500.0mL batch over 4 channels.",40.0,15.0,0.5,444.5,500.0,38.33,4.0,1.5,0.05,8.89,PASSED,agri/actuator/zone_west_cotton/dosing_dispatch
RUN-14DDD7FA,2026-08-20T14:00:00+00:00,zone_north_cotton,10.97,38.59,29.56,"UV=10.97 (t1/2=7.36h) -> Dosed 2.99% w/v lignin stabilizer. RH=29.56%, Temp=38.59C -> Dosed 0.101% v/v surfactant (gamma=38.2 mN/m). Dispatched 500.0mL batch over 4 channels.",40.0,14.96,0.51,444.53,500.0,38.2,4.0,1.5,0.05,8.89,PASSED,agri/actuator/zone_north_cotton/dosing_dispatch
RUN-C7FFA37A,2026-08-20T14:15:00+00:00,zone_south_cotton,10.77,38.84,32.97,"UV=10.77 (t1/2=7.35h) -> Dosed 2.94% w/v lignin stabilizer. RH=32.97%, Temp=38.84C -> Dosed 0.099% v/v surfactant (gamma=38.92 mN/m). Dispatched 500.0mL batch over 4 channels.",40.0,14.71,0.5,444.79,500.0,38.92,4.0,1.47,0.05,8.9,PASSED,agri/actuator/zone_south_cotton/dosing_dispatch
RUN-7A60C4D3,2026-08-20T14:30:00+00:00,zone_east_orchard,10.99,38.46,34.3,ALERT: Surfactant concentration (0.300%) breaches safety ceiling (0.20%). Execution halted by Safety & Compliance Agent to protect crop foliage.,40.0,14.99,1.5,443.51,500.0,21.2,0.0,0.0,0.0,0.0,REJECTED_PHYTOTOXIC,agri/actuator/zone_east_orchard/dosing_dispatch
RUN-44ED6F3B,2026-08-20T14:45:00+00:00,zone_west_cotton,10.81,38.5,34.43,"UV=10.81 (t1/2=7.46h) -> Dosed 2.95% w/v lignin stabilizer. RH=34.43%, Temp=38.5C -> Dosed 0.098% v/v surfactant (gamma=39.31 mN/m). Dispatched 500.0mL batch over 4 channels.",40.0,14.76,0.49,444.75,500.0,39.31,4.0,1.48,0.05,8.89,PASSED,agri/actuator/zone_west_cotton/dosing_dispatch
RUN-59E85B93,2026-08-20T15:00:00+00:00,zone_north_cotton,10.07,37.55,34.79,"UV=10.07 (t1/2=8.22h) -> Dosed 2.77% w/v lignin stabilizer. RH=34.79%, Temp=37.55C -> Dosed 0.097% v/v surfactant (gamma=39.54 mN/m). Dispatched 500.0mL batch over 4 channels.",40.0,13.84,0.49,445.67,500.0,39.54,4.0,1.38,0.05,8.91,PASSED,agri/actuator/zone_north_cotton/dosing_dispatch
RUN-AFE7058A,2026-08-20T15:15:00+00:00,zone_south_cotton,9.86,36.9,33.67,"UV=9.86 (t1/2=8.62h) -> Dosed 2.71% w/v lignin stabilizer. RH=33.67%, Temp=36.9C -> Dosed 0.098% v/v surfactant (gamma=39.4 mN/m). Dispatched 500.0mL batch over 4 channels.",40.0,13.57,0.49,445.94,500.0,39.4,4.0,1.36,0.05,8.92,PASSED,agri/actuator/zone_south_cotton/dosing_dispatch
RUN-5C515573,2026-08-20T15:30:00+00:00,zone_east_orchard,9.73,36.66,35.98,"UV=9.73 (t1/2=8.81h) -> Dosed 2.68% w/v lignin stabilizer. RH=35.98%, Temp=36.66C -> Dosed 0.096% v/v surfactant (gamma=39.95 mN/m). Dispatched 500.0mL batch over 4 channels.",40.0,13.41,0.48,446.11,500.0,39.95,4.0,1.34,0.05,8.92,PASSED,agri/actuator/zone_east_orchard/dosing_dispatch
RUN-2B3E55C9,2026-08-20T15:45:00+00:00,zone_west_cotton,9.39,36.35,37.49,"UV=9.39 (t1/2=9.16h) -> Dosed 2.60% w/v lignin stabilizer. RH=37.49%, Temp=36.35C -> Dosed 0.095% v/v surfactant (gamma=40.33 mN/m). Dispatched 500.0mL batch over 4 channels.",40.0,12.99,0.47,446.54,500.0,40.33,4.0,1.3,0.05,8.93,PASSED,agri/actuator/zone_west_cotton/dosing_dispatch
RUN-BB875D17,2026-08-20T16:00:00+00:00,zone_north_cotton,9.35,36.18,41.36,"UV=9.35 (t1/2=9.27h) -> Dosed 2.59% w/v lignin stabilizer. RH=41.36%, Temp=36.18C -> Dosed 0.092% v/v surfactant (gamma=41.22 mN/m). Dispatched 500.0mL batch over 4 channels.",40.0,12.94,0.46,446.6,500.0,41.22,4.0,1.29,0.05,8.93,PASSED,agri/actuator/zone_north_cotton/dosing_dispatch
RUN-EE669D71,2026-08-20T16:15:00+00:00,zone_south_cotton,8.74,36.0,41.3,"UV=8.74 (t1/2=9.76h) -> Dosed 2.44% w/v lignin stabilizer. RH=41.3%, Temp=36.0C -> Dosed 0.092% v/v surfactant (gamma=41.24 mN/m). Dispatched 500.0mL batch over 4 channels.",40.0,12.18,0.46,447.36,500.0,41.24,4.0,1.22,0.05,8.95,PASSED,agri/actuator/zone_south_cotton/dosing_dispatch
RUN-E2940DC7,2026-08-20T16:30:00+00:00,zone_east_orchard,8.09,34.5,42.67,"UV=8.09 (t1/2=11.08h) -> Dosed 2.27% w/v lignin stabilizer. RH=42.67%, Temp=34.5C -> Dosed 0.091% v/v surfactant (gamma=41.77 mN/m). Dispatched 500.0mL batch over 4 channels.",40.0,11.36,0.45,448.19,500.0,41.77,4.0,1.14,0.04,8.96,PASSED,agri/actuator/zone_east_orchard/dosing_dispatch
RUN-464B507F,2026-08-20T16:45:00+00:00,zone_west_cotton,7.92,34.46,44.6,"UV=7.92 (t1/2=11.24h) -> Dosed 2.23% w/v lignin stabilizer. RH=44.6%, Temp=34.46C -> Dosed 0.089% v/v surfactant (gamma=42.2 mN/m). Dispatched 500.0mL batch over 4 channels.",40.0,11.15,0.45,448.4,500.0,42.2,4.0,1.11,0.04,8.97,PASSED,agri/actuator/zone_west_cotton/dosing_dispatch
RUN-F23F16EF,2026-08-20T17:00:00+00:00,zone_north_cotton,7.49,33.16,48.58,"UV=7.49 (t1/2=12.46h) -> Dosed 2.12% w/v lignin stabilizer. RH=48.58%, Temp=33.16C -> Dosed 0.086% v/v surfactant (gamma=43.27 mN/m). Dispatched 500.0mL batch over 4 channels.",40.0,10.61,0.43,448.96,500.0,43.27,4.0,1.06,0.04,8.98,PASSED,agri/actuator/zone_north_cotton/dosing_dispatch
RUN-7FB190B2,2026-08-20T17:15:00+00:00,zone_south_cotton,6.49,32.78,50.75,"UV=6.49 (t1/2=13.78h) -> Dosed 1.87% w/v lignin stabilizer. RH=50.75%, Temp=32.78C -> Dosed 0.085% v/v surfactant (gamma=43.8 mN/m). Dispatched 500.0mL batch over 4 channels.",40.0,9.36,0.42,450.22,500.0,43.8,4.0,0.94,0.04,9.0,PASSED,agri/actuator/zone_south_cotton/dosing_dispatch
RUN-25E58FF3,2026-08-20T17:30:00+00:00,zone_east_orchard,6.53,31.97,50.86,"UV=6.53 (t1/2=14.36h) -> Dosed 1.88% w/v lignin stabilizer. RH=50.86%, Temp=31.97C -> Dosed 0.084% v/v surfactant (gamma=43.93 mN/m). Dispatched 500.0mL batch over 4 channels.",40.0,9.41,0.42,450.17,500.0,43.93,4.0,0.94,0.04,9.0,PASSED,agri/actuator/zone_east_orchard/dosing_dispatch
RUN-47CD3CFB,2026-08-20T17:45:00+00:00,zone_west_cotton,5.71,31.8,55.17,"UV=5.71 (t1/2=15.55h) -> Dosed 1.68% w/v lignin stabilizer. RH=55.17%, Temp=31.8C -> Dosed 0.082% v/v surfactant (gamma=44.9 mN/m). Dispatched 500.0mL batch over 4 channels.",40.0,8.39,0.41,451.2,500.0,44.9,4.0,0.84,0.04,9.02,PASSED,agri/actuator/zone_west_cotton/dosing_dispatch
RUN-B36B5F27,2026-08-20T18:00:00+00:00,zone_north_cotton,4.67,30.47,59.84,"UV=4.67 (t1/2=18.43h) -> Dosed 1.42% w/v lignin stabilizer. RH=59.84%, Temp=30.47C -> Dosed 0.078% v/v surfactant (gamma=46.09 mN/m). Dispatched 500.0mL batch over 4 channels.",40.0,7.09,0.39,452.52,500.0,46.09,4.0,0.71,0.04,9.05,PASSED,agri/actuator/zone_north_cotton/dosing_dispatch
RUN-1C6226A5,2026-08-20T18:15:00+00:00,zone_south_cotton,4.32,30.12,58.89,"UV=4.32 (t1/2=19.46h) -> Dosed 1.33% w/v lignin stabilizer. RH=58.89%, Temp=30.12C -> Dosed 0.079% v/v surfactant (gamma=45.93 mN/m). Dispatched 500.0mL batch over 4 channels.",40.0,6.65,0.39,452.96,500.0,45.93,4.0,0.67,0.04,9.06,PASSED,agri/actuator/zone_south_cotton/dosing_dispatch
RUN-63E16AC2,2026-08-20T18:30:00+00:00,zone_east_orchard,3.82,28.55,62.38,"UV=3.82 (t1/2=22.38h) -> Dosed 1.21% w/v lignin stabilizer. RH=62.38%, Temp=28.55C -> Dosed 0.076% v/v surfactant (gamma=46.89 mN/m). Dispatched 500.0mL batch over 4 channels.",40.0,6.03,0.38,453.59,500.0,46.89,4.0,0.6,0.04,9.07,PASSED,agri/actuator/zone_east_orchard/dosing_dispatch
RUN-15FE1C87,2026-08-20T18:45:00+00:00,zone_west_cotton,2.8,28.2,64.09,"UV=2.8 (t1/2=25.61h) -> Dosed 0.95% w/v lignin stabilizer. RH=64.09%, Temp=28.2C -> Dosed 0.075% v/v surfactant (gamma=47.3 mN/m). Dispatched 500.0mL batch over 4 channels.",40.0,4.75,0.37,454.88,500.0,47.3,4.0,0.47,0.04,9.1,PASSED,agri/actuator/zone_west_cotton/dosing_dispatch
RUN-8D3A59B5,2026-08-20T19:00:00+00:00,zone_north_cotton,2.49,26.83,66.42,"UV=2.49 (t1/2=28.74h) -> Dosed 0.87% w/v lignin stabilizer. RH=66.42%, Temp=26.83C -> Dosed 0.073% v/v surfactant (gamma=47.97 mN/m). Dispatched 500.0mL batch over 4 channels.",40.0,4.36,0.36,455.28,500.0,47.97,4.0,0.44,0.04,9.11,PASSED,agri/actuator/zone_north_cotton/dosing_dispatch
RUN-150933E9,2026-08-20T19:15:00+00:00,zone_south_cotton,2.19,25.96,70.12,"UV=2.19 (t1/2=31.37h) -> Dosed 0.80% w/v lignin stabilizer. RH=70.12%, Temp=25.96C -> Dosed 0.070% v/v surfactant (gamma=48.86 mN/m). Dispatched 500.0mL batch over 4 channels.",40.0,3.99,0.35,455.66,500.0,48.86,4.0,0.4,0.03,9.11,PASSED,agri/actuator/zone_south_cotton/dosing_dispatch
RUN-765F0E1A,2026-08-20T19:30:00+00:00,zone_east_orchard,1.29,25.61,70.71,"UV=1.29 (t1/2=36.21h) -> Dosed 0.57% w/v lignin stabilizer. RH=70.71%, Temp=25.61C -> Dosed 0.070% v/v surfactant (gamma=49.02 mN/m). Dispatched 500.0mL batch over 4 channels.",40.0,2.86,0.35,456.79,500.0,49.02,4.0,0.29,0.03,9.14,PASSED,agri/actuator/zone_east_orchard/dosing_dispatch
RUN-692C283C,2026-08-20T19:45:00+00:00,zone_west_cotton,0.45,25.08,74.57,"UV=0.45 (t1/2=42.55h) -> Dosed 0.36% w/v lignin stabilizer. RH=74.57%, Temp=25.08C -> Dosed 0.067% v/v surfactant (gamma=49.9 mN/m). Dispatched 500.0mL batch over 4 channels.",40.0,1.81,0.33,457.86,500.0,49.9,4.0,0.18,0.03,9.16,PASSED,agri/actuator/zone_west_cotton/dosing_dispatch
RUN-4DA2ADE9,2026-08-20T20:00:00+00:00,zone_north_cotton,0.33,23.52,79.56,"UV=0.33 (t1/2=47.51h) -> Dosed 0.33% w/v lignin stabilizer. RH=79.56%, Temp=23.52C -> Dosed 0.063% v/v surfactant (gamma=51.12 mN/m). Dispatched 500.0mL batch over 4 channels.",40.0,1.66,0.32,458.02,500.0,51.12,4.0,0.17,0.03,9.16,PASSED,agri/actuator/zone_north_cotton/dosing_dispatch
RUN-4FD2C488,2026-08-20T20:15:00+00:00,zone_south_cotton,0.0,24.19,79.99,"UV=0.0 (t1/2=48.42h) -> Dosed 0.25% w/v lignin stabilizer. RH=79.99%, Temp=24.19C -> Dosed 0.063% v/v surfactant (gamma=51.14 mN/m). Dispatched 500.0mL batch over 4 channels.",40.0,1.25,0.32,458.43,500.0,51.14,4.0,0.12,0.03,9.17,PASSED,agri/actuator/zone_south_cotton/dosing_dispatch
RUN-F0ED3C2C,2026-08-20T20:30:00+00:00,zone_east_orchard,0.48,23.44,76.78,"UV=0.48 (t1/2=46.55h) -> Dosed 0.37% w/v lignin stabilizer. RH=76.78%, Temp=23.44C -> Dosed 0.065% v/v surfactant (gamma=50.55 mN/m). Dispatched 500.0mL batch over 4 channels.",40.0,1.85,0.33,457.82,500.0,50.55,4.0,0.18,0.03,9.16,PASSED,agri/actuator/zone_east_orchard/dosing_dispatch
RUN-D70075E6,2026-08-20T20:45:00+00:00,zone_west_cotton,0.4,23.59,76.9,"UV=0.4 (t1/2=46.76h) -> Dosed 0.35% w/v lignin stabilizer. RH=76.9%, Temp=23.59C -> Dosed 0.065% v/v surfactant (gamma=50.56 mN/m). Dispatched 500.0mL batch over 4 channels.",40.0,1.75,0.33,457.92,500.0,50.56,4.0,0.17,0.03,9.16,PASSED,agri/actuator/zone_west_cotton/dosing_dispatch
RUN-363DBE51,2026-08-20T21:00:00+00:00,zone_north_cotton,0.0,23.92,77.42,"UV=0.0 (t1/2=49.18h) -> Dosed 0.25% w/v lignin stabilizer. RH=77.42%, Temp=23.92C -> Dosed 0.065% v/v surfactant (gamma=50.63 mN/m). Dispatched 500.0mL batch over 4 channels.",40.0,1.25,0.32,458.43,500.0,50.63,4.0,0.12,0.03,9.17,PASSED,agri/actuator/zone_north_cotton/dosing_dispatch
RUN-6EB327FE,2026-08-20T21:15:00+00:00,zone_south_cotton,0.0,24.42,77.04,"UV=0.0 (t1/2=47.78h) -> Dosed 0.25% w/v lignin stabilizer. RH=77.04%, Temp=24.42C -> Dosed 0.065% v/v surfactant (gamma=50.49 mN/m). Dispatched 500.0mL batch over 4 channels.",40.0,1.25,0.33,458.42,500.0,50.49,4.0,0.12,0.03,9.17,PASSED,agri/actuator/zone_south_cotton/dosing_dispatch
RUN-8C661631,2026-08-20T21:30:00+00:00,zone_east_orchard,0.3,23.85,77.04,"UV=0.3 (t1/2=46.85h) -> Dosed 0.33% w/v lignin stabilizer. RH=77.04%, Temp=23.85C -> Dosed 0.065% v/v surfactant (gamma=50.56 mN/m). Dispatched 500.0mL batch over 4 channels.",40.0,1.63,0.33,458.04,500.0,50.56,4.0,0.16,0.03,9.16,PASSED,agri/actuator/zone_east_orchard/dosing_dispatch
RUN-6A34BF1F,2026-08-20T21:45:00+00:00,zone_west_cotton,0.0,23.46,77.56,"UV=0.0 (t1/2=50.51h) -> Dosed 0.25% w/v lignin stabilizer. RH=77.56%, Temp=23.46C -> Dosed 0.065% v/v surfactant (gamma=50.71 mN/m). Dispatched 500.0mL batch over 4 channels.",40.0,1.25,0.32,458.43,500.0,50.71,4.0,0.12,0.03,9.17,PASSED,agri/actuator/zone_west_cotton/dosing_dispatch
RUN-609FD7C5,2026-08-20T22:00:00+00:00,zone_north_cotton,0.0,24.34,77.05,"UV=0.0 (t1/2=48.0h) -> Dosed 0.25% w/v lignin stabilizer. RH=77.05%, Temp=24.34C -> Dosed 0.065% v/v surfactant (gamma=50.5 mN/m). Dispatched 500.0mL batch over 4 channels.",40.0,1.25,0.33,458.42,500.0,50.5,4.0,0.12,0.03,9.17,PASSED,agri/actuator/zone_north_cotton/dosing_dispatch
RUN-F4DEFFF6,2026-08-20T22:15:00+00:00,zone_south_cotton,0.25,23.96,75.42,"UV=0.25 (t1/2=46.96h) -> Dosed 0.31% w/v lignin stabilizer. RH=75.42%, Temp=23.96C -> Dosed 0.066% v/v surfactant (gamma=50.21 mN/m). Dispatched 500.0mL batch over 4 channels.",40.0,1.56,0.33,458.11,500.0,50.21,4.0,0.16,0.03,9.16,PASSED,agri/actuator/zone_south_cotton/dosing_dispatch
RUN-E5104C07,2026-08-20T22:30:00+00:00,zone_east_orchard,0.0,24.54,77.39,"UV=0.0 (t1/2=47.45h) -> Dosed 0.25% w/v lignin stabilizer. RH=77.39%, Temp=24.54C -> Dosed 0.065% v/v surfactant (gamma=50.55 mN/m). Dispatched 500.0mL batch over 4 channels.",40.0,1.25,0.33,458.42,500.0,50.55,4.0,0.12,0.03,9.17,PASSED,agri/actuator/zone_east_orchard/dosing_dispatch
RUN-EF974E3D,2026-08-20T22:45:00+00:00,zone_west_cotton,0.11,24.05,77.45,"UV=0.11 (t1/2=47.87h) -> Dosed 0.28% w/v lignin stabilizer. RH=77.45%, Temp=24.05C -> Dosed 0.065% v/v surfactant (gamma=50.62 mN/m). Dispatched 500.0mL batch over 4 channels.",40.0,1.39,0.32,458.29,500.0,50.62,4.0,0.14,0.03,9.17,PASSED,agri/actuator/zone_west_cotton/dosing_dispatch
RUN-45BB81FA,2026-08-20T23:00:00+00:00,zone_north_cotton,0.18,24.81,77.92,"UV=0.18 (t1/2=45.25h) -> Dosed 0.29% w/v lignin stabilizer. RH=77.92%, Temp=24.81C -> Dosed 0.065% v/v surfactant (gamma=50.63 mN/m). Dispatched 500.0mL batch over 4 channels.",40.0,1.47,0.32,458.21,500.0,50.63,4.0,0.15,0.03,9.16,PASSED,agri/actuator/zone_north_cotton/dosing_dispatch
RUN-41697379,2026-08-20T23:15:00+00:00,zone_south_cotton,0.0,23.97,79.61,"UV=0.0 (t1/2=49.04h) -> Dosed 0.25% w/v lignin stabilizer. RH=79.61%, Temp=23.97C -> Dosed 0.064% v/v surfactant (gamma=51.08 mN/m). Dispatched 500.0mL batch over 4 channels.",40.0,1.25,0.32,458.43,500.0,51.08,4.0,0.12,0.03,9.17,PASSED,agri/actuator/zone_south_cotton/dosing_dispatch
RUN-5129AFEF,2026-08-20T23:30:00+00:00,zone_east_orchard,0.0,24.5,77.02,"UV=0.0 (t1/2=47.56h) -> Dosed 0.25% w/v lignin stabilizer. RH=77.02%, Temp=24.5C -> Dosed 0.065% v/v surfactant (gamma=50.48 mN/m). Dispatched 500.0mL batch over 4 channels.",40.0,1.25,0.33,458.42,500.0,50.48,4.0,0.12,0.03,9.17,PASSED,agri/actuator/zone_east_orchard/dosing_dispatch
RUN-393662CF,2026-08-20T23:45:00+00:00,zone_west_cotton,0.0,24.64,77.06,"UV=0.0 (t1/2=47.18h) -> Dosed 0.25% w/v lignin stabilizer. RH=77.06%, Temp=24.64C -> Dosed 0.065% v/v surfactant (gamma=50.47 mN/m). Dispatched 500.0mL batch over 4 channels.",40.0,1.25,0.33,458.42,500.0,50.47,4.0,0.12,0.03,9.17,PASSED,agri/actuator/zone_west_cotton/dosing_dispatch
RUN-0A850C47,2026-08-21T00:00:00+00:00,zone_north_cotton,0.0,24.07,78.9,"UV=0.0 (t1/2=48.76h) -> Dosed 0.25% w/v lignin stabilizer. RH=78.9%, Temp=24.07C -> Dosed 0.064% v/v surfactant (gamma=50.92 mN/m). Dispatched 500.0mL batch over 4 channels.",40.0,1.25,0.32,458.43,500.0,50.92,4.0,0.12,0.03,9.17,PASSED,agri/actuator/zone_north_cotton/dosing_dispatch
RUN-15E88779,2026-08-21T00:15:00+00:00,zone_south_cotton,0.38,23.22,78.46,"UV=0.38 (t1/2=47.94h) -> Dosed 0.34% w/v lignin stabilizer. RH=78.46%, Temp=23.22C -> Dosed 0.064% v/v surfactant (gamma=50.92 mN/m). Dispatched 500.0mL batch over 4 channels.",40.0,1.72,0.32,457.96,500.0,50.92,4.0,0.17,0.03,9.16,PASSED,agri/actuator/zone_south_cotton/dosing_dispatch
RUN-3190715D,2026-08-21T00:30:00+00:00,zone_east_orchard,0.0,24.62,78.02,"UV=0.0 (t1/2=47.23h) -> Dosed 0.25% w/v lignin stabilizer. RH=78.02%, Temp=24.62C -> Dosed 0.065% v/v surfactant (gamma=50.68 mN/m). Dispatched 500.0mL batch over 4 channels.",40.0,1.25,0.32,458.43,500.0,50.68,4.0,0.12,0.03,9.17,PASSED,agri/actuator/zone_east_orchard/dosing_dispatch
RUN-774BB304,2026-08-21T00:45:00+00:00,zone_west_cotton,0.0,24.42,80.49,"UV=0.0 (t1/2=47.78h) -> Dosed 0.25% w/v lignin stabilizer. RH=80.49%, Temp=24.42C -> Dosed 0.063% v/v surfactant (gamma=51.22 mN/m). Dispatched 500.0mL batch over 4 channels.",40.0,1.25,0.32,458.43,500.0,51.22,4.0,0.12,0.03,9.17,PASSED,agri/actuator/zone_west_cotton/dosing_dispatch
RUN-48CB5015,2026-08-21T01:00:00+00:00,zone_north_cotton,0.0,23.83,78.02,"UV=0.0 (t1/2=49.44h) -> Dosed 0.25% w/v lignin stabilizer. RH=78.02%, Temp=23.83C -> Dosed 0.064% v/v surfactant (gamma=50.76 mN/m). Dispatched 500.0mL batch over 4 channels.",40.0,1.25,0.32,458.43,500.0,50.76,4.0,0.12,0.03,9.17,PASSED,agri/actuator/zone_north_cotton/dosing_dispatch
RUN-FE8E2FAB,2026-08-21T01:15:00+00:00,zone_south_cotton,0.31,23.87,77.39,"UV=0.31 (t1/2=46.72h) -> Dosed 0.33% w/v lignin stabilizer. RH=77.39%, Temp=23.87C -> Dosed 0.065% v/v surfactant (gamma=50.63 mN/m). Dispatched 500.0mL batch over 4 channels.",40.0,1.64,0.32,458.04,500.0,50.63,4.0,0.16,0.03,9.16,PASSED,agri/actuator/zone_south_cotton/dosing_dispatch
RUN-3081DDDC,2026-08-21T01:30:00+00:00,zone_east_orchard,0.34,23.23,78.96,"UV=0.34 (t1/2=48.24h) -> Dosed 0.34% w/v lignin stabilizer. RH=78.96%, Temp=23.23C -> Dosed 0.064% v/v surfactant (gamma=51.03 mN/m). Dispatched 500.0mL batch over 4 channels.",40.0,1.68,0.32,458.0,500.0,51.03,4.0,0.17,0.03,9.16,PASSED,agri/actuator/zone_east_orchard/dosing_dispatch
RUN-9EB07E27,2026-08-21T01:45:00+00:00,zone_west_cotton,0.0,23.63,77.68,"UV=0.0 (t1/2=50.02h) -> Dosed 0.25% w/v lignin stabilizer. RH=77.68%, Temp=23.63C -> Dosed 0.065% v/v surfactant (gamma=50.72 mN/m). Dispatched 500.0mL batch over 4 channels.",40.0,1.25,0.32,458.43,500.0,50.72,4.0,0.12,0.03,9.17,PASSED,agri/actuator/zone_west_cotton/dosing_dispatch
RUN-1A63A96C,2026-08-21T02:00:00+00:00,zone_north_cotton,0.04,23.81,78.95,"UV=0.04 (t1/2=49.14h) -> Dosed 0.26% w/v lignin stabilizer. RH=78.95%, Temp=23.81C -> Dosed 0.064% v/v surfactant (gamma=50.96 mN/m). Dispatched 500.0mL batch over 4 channels.",40.0,1.3,0.32,458.38,500.0,50.96,4.0,0.13,0.03,9.17,PASSED,agri/actuator/zone_north_cotton/dosing_dispatch
RUN-C35F690F,2026-08-21T02:15:00+00:00,zone_south_cotton,0.3,23.12,77.24,"UV=0.3 (t1/2=48.88h) -> Dosed 0.33% w/v lignin stabilizer. RH=77.24%, Temp=23.12C -> Dosed 0.065% v/v surfactant (gamma=50.68 mN/m). Dispatched 500.0mL batch over 4 channels.",40.0,1.63,0.32,458.05,500.0,50.68,4.0,0.16,0.03,9.16,PASSED,agri/actuator/zone_south_cotton/dosing_dispatch
RUN-1743A331,2026-08-21T02:30:00+00:00,zone_east_orchard,0.41,24.06,74.79,"UV=0.41 (t1/2=45.43h) -> Dosed 0.35% w/v lignin stabilizer. RH=74.79%, Temp=24.06C -> Dosed 0.066% v/v surfactant (gamma=50.06 mN/m). Dispatched 500.0mL batch over 4 channels.",40.0,1.76,0.33,457.91,500.0,50.06,4.0,0.18,0.03,9.16,PASSED,agri/actuator/zone_east_orchard/dosing_dispatch
RUN-A48B4E27,2026-08-21T02:45:00+00:00,zone_west_cotton,0.01,23.89,78.16,"UV=0.01 (t1/2=49.18h) -> Dosed 0.25% w/v lignin stabilizer. RH=78.16%, Temp=23.89C -> Dosed 0.064% v/v surfactant (gamma=50.79 mN/m). Dispatched 500.0mL batch over 4 channels.",40.0,1.26,0.32,458.42,500.0,50.79,4.0,0.13,0.03,9.17,PASSED,agri/actuator/zone_west_cotton/dosing_dispatch
RUN-039573B3,2026-08-21T03:00:00+00:00,zone_north_cotton,0.0,23.97,80.38,"UV=0.0 (t1/2=49.04h) -> Dosed 0.25% w/v lignin stabilizer. RH=80.38%, Temp=23.97C -> Dosed 0.063% v/v surfactant (gamma=51.24 mN/m). Dispatched 500.0mL batch over 4 channels.",40.0,1.25,0.32,458.43,500.0,51.24,4.0,0.12,0.03,9.17,PASSED,agri/actuator/zone_north_cotton/dosing_dispatch
RUN-D22F6C44,2026-08-21T03:15:00+00:00,zone_south_cotton,0.0,23.57,76.14,"UV=0.0 (t1/2=50.19h) -> Dosed 0.25% w/v lignin stabilizer. RH=76.14%, Temp=23.57C -> Dosed 0.065% v/v surfactant (gamma=50.4 mN/m). Dispatched 500.0mL batch over 4 channels.",40.0,1.25,0.33,458.42,500.0,50.4,4.0,0.12,0.03,9.17,PASSED,agri/actuator/zone_south_cotton/dosing_dispatch
RUN-2C7DC12B,2026-08-21T03:30:00+00:00,zone_east_orchard,0.0,24.31,77.27,"UV=0.0 (t1/2=48.08h) -> Dosed 0.25% w/v lignin stabilizer. RH=77.27%, Temp=24.31C -> Dosed 0.065% v/v surfactant (gamma=50.55 mN/m). Dispatched 500.0mL batch over 4 channels.",40.0,1.25,0.33,458.42,500.0,50.55,4.0,0.12,0.03,9.17,PASSED,agri/actuator/zone_east_orchard/dosing_dispatch
RUN-91D8420E,2026-08-21T03:45:00+00:00,zone_west_cotton,0.0,23.88,76.12,"UV=0.0 (t1/2=49.3h) -> Dosed 0.25% w/v lignin stabilizer. RH=76.12%, Temp=23.88C -> Dosed 0.066% v/v surfactant (gamma=50.36 mN/m). Dispatched 500.0mL batch over 4 channels.",40.0,1.25,0.33,458.42,500.0,50.36,4.0,0.12,0.03,9.17,PASSED,agri/actuator/zone_west_cotton/dosing_dispatch
RUN-C6A96B9F,2026-08-21T04:00:00+00:00,zone_north_cotton,0.01,24.22,78.46,"UV=0.01 (t1/2=48.25h) -> Dosed 0.25% w/v lignin stabilizer. RH=78.46%, Temp=24.22C -> Dosed 0.064% v/v surfactant (gamma=50.81 mN/m). Dispatched 500.0mL batch over 4 channels.",40.0,1.26,0.32,458.42,500.0,50.81,4.0,0.13,0.03,9.17,PASSED,agri/actuator/zone_north_cotton/dosing_dispatch
RUN-825C4F52,2026-08-21T04:15:00+00:00,zone_south_cotton,0.13,24.01,76.81,"UV=0.13 (t1/2=47.81h) -> Dosed 0.28% w/v lignin stabilizer. RH=76.81%, Temp=24.01C -> Dosed 0.065% v/v surfactant (gamma=50.49 mN/m). Dispatched 500.0mL batch over 4 channels.",40.0,1.41,0.33,458.26,500.0,50.49,4.0,0.14,0.03,9.17,PASSED,agri/actuator/zone_south_cotton/dosing_dispatch
RUN-5988C6C5,2026-08-21T04:30:00+00:00,zone_east_orchard,0.51,24.54,78.5,"UV=0.51 (t1/2=43.46h) -> Dosed 0.38% w/v lignin stabilizer. RH=78.5%, Temp=24.54C -> Dosed 0.064% v/v surfactant (gamma=50.79 mN/m). Dispatched 500.0mL batch over 4 channels.",40.0,1.89,0.32,457.79,500.0,50.79,4.0,0.19,0.03,9.16,PASSED,agri/actuator/zone_east_orchard/dosing_dispatch
RUN-2C52D70C,2026-08-21T04:45:00+00:00,zone_west_cotton,0.22,24.09,77.2,"UV=0.22 (t1/2=46.85h) -> Dosed 0.30% w/v lignin stabilizer. RH=77.2%, Temp=24.09C -> Dosed 0.065% v/v surfactant (gamma=50.56 mN/m). Dispatched 500.0mL batch over 4 channels.",40.0,1.52,0.33,458.15,500.0,50.56,4.0,0.15,0.03,9.16,PASSED,agri/actuator/zone_west_cotton/dosing_dispatch
RUN-5883FB07,2026-08-21T05:00:00+00:00,zone_north_cotton,0.0,24.52,77.97,"UV=0.0 (t1/2=47.51h) -> Dosed 0.25% w/v lignin stabilizer. RH=77.97%, Temp=24.52C -> Dosed 0.065% v/v surfactant (gamma=50.68 mN/m). Dispatched 500.0mL batch over 4 channels.",40.0,1.25,0.32,458.43,500.0,50.68,4.0,0.12,0.03,9.17,PASSED,agri/actuator/zone_north_cotton/dosing_dispatch
RUN-2D810BA6,2026-08-21T05:15:00+00:00,zone_south_cotton,0.25,23.6,78.6,"UV=0.25 (t1/2=47.95h) -> Dosed 0.31% w/v lignin stabilizer. RH=78.6%, Temp=23.6C -> Dosed 0.064% v/v surfactant (gamma=50.91 mN/m). Dispatched 500.0mL batch over 4 channels.",40.0,1.56,0.32,458.12,500.0,50.91,4.0,0.16,0.03,9.16,PASSED,agri/actuator/zone_south_cotton/dosing_dispatch
RUN-8ECC6F88,2026-08-21T05:30:00+00:00,zone_east_orchard,0.0,24.57,78.77,"UV=0.0 (t1/2=47.37h) -> Dosed 0.25% w/v lignin stabilizer. RH=78.77%, Temp=24.57C -> Dosed 0.064% v/v surfactant (gamma=50.84 mN/m). Dispatched 500.0mL batch over 4 channels.",40.0,1.25,0.32,458.43,500.0,50.84,4.0,0.12,0.03,9.17,PASSED,agri/actuator/zone_east_orchard/dosing_dispatch
RUN-6C7B029F,2026-08-21T05:45:00+00:00,zone_west_cotton,0.02,24.32,77.95,ALERT: Surfactant concentration (0.300%) breaches safety ceiling (0.20%). Execution halted by Safety & Compliance Agent to protect crop foliage.,40.0,1.28,1.5,457.22,500.0,21.2,0.0,0.0,0.0,0.0,REJECTED_PHYTOTOXIC,agri/actuator/zone_west_cotton/dosing_dispatch
RUN-CDE0E7F3,2026-08-21T06:00:00+00:00,zone_north_cotton,0.0,24.7,77.15,"UV=0.0 (t1/2=47.01h) -> Dosed 0.25% w/v lignin stabilizer. RH=77.15%, Temp=24.7C -> Dosed 0.065% v/v surfactant (gamma=50.49 mN/m). Dispatched 500.0mL batch over 4 channels.",40.0,1.25,0.33,458.42,500.0,50.49,4.0,0.12,0.03,9.17,PASSED,agri/actuator/zone_north_cotton/dosing_dispatch
RUN-E3870227,2026-08-21T06:15:00+00:00,zone_south_cotton,0.72,25.4,75.11,"UV=0.72 (t1/2=39.98h) -> Dosed 0.43% w/v lignin stabilizer. RH=75.11%, Temp=25.4C -> Dosed 0.067% v/v surfactant (gamma=49.98 mN/m). Dispatched 500.0mL batch over 4 channels.",40.0,2.15,0.33,457.52,500.0,49.98,4.0,0.21,0.03,9.15,PASSED,agri/actuator/zone_south_cotton/dosing_dispatch
RUN-7C6DF266,2026-08-21T06:30:00+00:00,zone_east_orchard,1.02,26.11,71.63,"UV=1.02 (t1/2=36.64h) -> Dosed 0.51% w/v lignin stabilizer. RH=71.63%, Temp=26.11C -> Dosed 0.069% v/v surfactant (gamma=49.16 mN/m). Dispatched 500.0mL batch over 4 channels.",40.0,2.52,0.35,457.13,500.0,49.16,4.0,0.25,0.03,9.14,PASSED,agri/actuator/zone_east_orchard/dosing_dispatch
RUN-CBD2620E,2026-08-21T06:45:00+00:00,zone_west_cotton,2.05,26.47,68.62,"UV=2.05 (t1/2=31.03h) -> Dosed 0.76% w/v lignin stabilizer. RH=68.62%, Temp=26.47C -> Dosed 0.071% v/v surfactant (gamma=48.48 mN/m). Dispatched 500.0mL batch over 4 channels.",40.0,3.81,0.36,455.83,500.0,48.48,4.0,0.38,0.04,9.12,PASSED,agri/actuator/zone_west_cotton/dosing_dispatch
RUN-33B51D42,2026-08-21T07:00:00+00:00,zone_north_cotton,2.49,26.93,67.47,"UV=2.49 (t1/2=28.58h) -> Dosed 0.87% w/v lignin stabilizer. RH=67.47%, Temp=26.93C -> Dosed 0.072% v/v surfactant (gamma=48.18 mN/m). Dispatched 500.0mL batch over 4 channels.",40.0,4.36,0.36,455.28,500.0,48.18,4.0,0.44,0.04,9.11,PASSED,agri/actuator/zone_north_cotton/dosing_dispatch
RUN-0AED86DF,2026-08-21T07:15:00+00:00,zone_south_cotton,3.32,28.73,64.86,"UV=3.32 (t1/2=23.4h) -> Dosed 1.08% w/v lignin stabilizer. RH=64.86%, Temp=28.73C -> Dosed 0.074% v/v surfactant (gamma=47.4 mN/m). Dispatched 500.0mL batch over 4 channels.",40.0,5.4,0.37,454.23,500.0,47.4,4.0,0.54,0.04,9.08,PASSED,agri/actuator/zone_south_cotton/dosing_dispatch
RUN-81EB8DDC,2026-08-21T07:30:00+00:00,zone_east_orchard,3.56,28.81,60.45,"UV=3.56 (t1/2=22.68h) -> Dosed 1.14% w/v lignin stabilizer. RH=60.45%, Temp=28.81C -> Dosed 0.077% v/v surfactant (gamma=46.44 mN/m). Dispatched 500.0mL batch over 4 channels.",40.0,5.7,0.39,453.91,500.0,46.44,4.0,0.57,0.04,9.08,PASSED,agri/actuator/zone_east_orchard/dosing_dispatch
RUN-4CBAD230,2026-08-21T07:45:00+00:00,zone_west_cotton,4.25,28.95,58.85,"UV=4.25 (t1/2=20.92h) -> Dosed 1.31% w/v lignin stabilizer. RH=58.85%, Temp=28.95C -> Dosed 0.078% v/v surfactant (gamma=46.08 mN/m). Dispatched 500.0mL batch over 4 channels.",40.0,6.56,0.39,453.05,500.0,46.08,4.0,0.66,0.04,9.06,PASSED,agri/actuator/zone_west_cotton/dosing_dispatch
RUN-9E8270FA,2026-08-21T08:00:00+00:00,zone_north_cotton,4.73,30.47,56.8,"UV=4.73 (t1/2=18.33h) -> Dosed 1.43% w/v lignin stabilizer. RH=56.8%, Temp=30.47C -> Dosed 0.080% v/v surfactant (gamma=45.43 mN/m). Dispatched 500.0mL batch over 4 channels.",40.0,7.16,0.4,452.44,500.0,45.43,4.0,0.72,0.04,9.05,PASSED,agri/actuator/zone_north_cotton/dosing_dispatch
RUN-64C9F5EB,2026-08-21T08:15:00+00:00,zone_south_cotton,5.6,31.01,53.22,"UV=5.6 (t1/2=16.4h) -> Dosed 1.65% w/v lignin stabilizer. RH=53.22%, Temp=31.01C -> Dosed 0.083% v/v surfactant (gamma=44.58 mN/m). Dispatched 500.0mL batch over 4 channels.",40.0,8.25,0.41,451.34,500.0,44.58,4.0,0.82,0.04,9.03,PASSED,agri/actuator/zone_south_cotton/dosing_dispatch
RUN-ACD2322B,2026-08-21T08:30:00+00:00,zone_east_orchard,6.1,32.06,52.07,"UV=6.1 (t1/2=14.81h) -> Dosed 1.77% w/v lignin stabilizer. RH=52.07%, Temp=32.06C -> Dosed 0.084% v/v surfactant (gamma=44.19 mN/m). Dispatched 500.0mL batch over 4 channels.",40.0,8.88,0.42,450.7,500.0,44.19,4.0,0.89,0.04,9.01,PASSED,agri/actuator/zone_east_orchard/dosing_dispatch
RUN-4C1560AA,2026-08-21T08:45:00+00:00,zone_west_cotton,7.14,32.33,49.81,"UV=7.14 (t1/2=13.4h) -> Dosed 2.04% w/v lignin stabilizer. RH=49.81%, Temp=32.33C -> Dosed 0.085% v/v surfactant (gamma=43.65 mN/m). Dispatched 500.0mL batch over 4 channels.",40.0,10.18,0.43,449.39,500.0,43.65,4.0,1.02,0.04,8.99,PASSED,agri/actuator/zone_west_cotton/dosing_dispatch
RUN-0EBC3471,2026-08-21T09:00:00+00:00,zone_north_cotton,6.85,33.05,47.91,"UV=6.85 (t1/2=13.19h) -> Dosed 1.96% w/v lignin stabilizer. RH=47.91%, Temp=33.05C -> Dosed 0.087% v/v surfactant (gamma=43.14 mN/m). Dispatched 500.0mL batch over 4 channels.",40.0,9.81,0.43,449.76,500.0,43.14,4.0,0.98,0.04,9.0,PASSED,agri/actuator/zone_north_cotton/dosing_dispatch
RUN-6AA23583,2026-08-21T09:15:00+00:00,zone_south_cotton,8.18,34.43,46.75,"UV=8.18 (t1/2=11.05h) -> Dosed 2.29% w/v lignin stabilizer. RH=46.75%, Temp=34.43C -> Dosed 0.088% v/v surfactant (gamma=42.68 mN/m). Dispatched 500.0mL batch over 4 channels.",40.0,11.47,0.44,448.09,500.0,42.68,4.0,1.15,0.04,8.96,PASSED,agri/actuator/zone_south_cotton/dosing_dispatch
RUN-89779F73,2026-08-21T09:30:00+00:00,zone_east_orchard,7.86,34.84,41.94,"UV=7.86 (t1/2=11.07h) -> Dosed 2.21% w/v lignin stabilizer. RH=41.94%, Temp=34.84C -> Dosed 0.091% v/v surfactant (gamma=41.56 mN/m). Dispatched 500.0mL batch over 4 channels.",40.0,11.07,0.46,448.47,500.0,41.56,4.0,1.11,0.05,8.97,PASSED,agri/actuator/zone_east_orchard/dosing_dispatch
RUN-128D9944,2026-08-21T09:45:00+00:00,zone_west_cotton,8.55,35.23,45.22,"UV=8.55 (t1/2=10.31h) -> Dosed 2.39% w/v lignin stabilizer. RH=45.22%, Temp=35.23C -> Dosed 0.089% v/v surfactant (gamma=42.22 mN/m). Dispatched 500.0mL batch over 4 channels.",40.0,11.94,0.45,447.61,500.0,42.22,4.0,1.19,0.04,8.95,PASSED,agri/actuator/zone_west_cotton/dosing_dispatch
RUN-835488EC,2026-08-21T10:00:00+00:00,zone_north_cotton,9.04,35.74,40.78,"UV=9.04 (t1/2=9.69h) -> Dosed 2.51% w/v lignin stabilizer. RH=40.78%, Temp=35.74C -> Dosed 0.093% v/v surfactant (gamma=41.16 mN/m). Dispatched 500.0mL batch over 4 channels.",40.0,12.55,0.46,446.99,500.0,41.16,4.0,1.26,0.05,8.94,PASSED,agri/actuator/zone_north_cotton/dosing_dispatch
RUN-46F7A6F2,2026-08-21T10:15:00+00:00,zone_south_cotton,9.76,36.22,39.54,"UV=9.76 (t1/2=9.0h) -> Dosed 2.69% w/v lignin stabilizer. RH=39.54%, Temp=36.22C -> Dosed 0.094% v/v surfactant (gamma=40.81 mN/m). Dispatched 500.0mL batch over 4 channels.",40.0,13.45,0.47,446.08,500.0,40.81,4.0,1.34,0.05,8.92,PASSED,agri/actuator/zone_south_cotton/dosing_dispatch
RUN-A38FD716,2026-08-21T10:30:00+00:00,zone_east_orchard,10.11,36.78,39.36,"UV=10.11 (t1/2=8.54h) -> Dosed 2.78% w/v lignin stabilizer. RH=39.36%, Temp=36.78C -> Dosed 0.094% v/v surfactant (gamma=40.68 mN/m). Dispatched 500.0mL batch over 4 channels.",40.0,13.89,0.47,445.64,500.0,40.68,4.0,1.39,0.05,8.91,PASSED,agri/actuator/zone_east_orchard/dosing_dispatch
RUN-6D23C89E,2026-08-21T10:45:00+00:00,zone_west_cotton,10.43,37.15,37.74,"UV=10.43 (t1/2=8.21h) -> Dosed 2.86% w/v lignin stabilizer. RH=37.74%, Temp=37.15C -> Dosed 0.095% v/v surfactant (gamma=40.26 mN/m). Dispatched 500.0mL batch over 4 channels.",40.0,14.29,0.48,445.23,500.0,40.26,4.0,1.43,0.05,8.9,PASSED,agri/actuator/zone_west_cotton/dosing_dispatch
RUN-D2D65ACE,2026-08-21T11:00:00+00:00,zone_north_cotton,10.34,37.7,36.24,"UV=10.34 (t1/2=8.02h) -> Dosed 2.83% w/v lignin stabilizer. RH=36.24%, Temp=37.7C -> Dosed 0.096% v/v surfactant (gamma=39.84 mN/m). Dispatched 500.0mL batch over 4 channels.",40.0,14.18,0.48,445.34,500.0,39.84,4.0,1.42,0.05,8.91,PASSED,agri/actuator/zone_north_cotton/dosing_dispatch
RUN-4DC5A28E,2026-08-21T11:15:00+00:00,zone_south_cotton,10.39,37.7,34.2,"UV=10.39 (t1/2=7.99h) -> Dosed 2.85% w/v lignin stabilizer. RH=34.2%, Temp=37.7C -> Dosed 0.098% v/v surfactant (gamma=39.38 mN/m). Dispatched 500.0mL batch over 4 channels.",40.0,14.24,0.49,445.27,500.0,39.38,4.0,1.42,0.05,8.91,PASSED,agri/actuator/zone_south_cotton/dosing_dispatch
RUN-1D15F222,2026-08-21T11:30:00+00:00,zone_east_orchard,11.06,37.88,33.93,"UV=11.06 (t1/2=7.6h) -> Dosed 3.00% w/v lignin stabilizer. RH=33.93%, Temp=37.88C -> Dosed 0.098% v/v surfactant (gamma=39.3 mN/m). Dispatched 500.0mL batch over 4 channels.",40.0,15.0,0.49,444.51,500.0,39.3,4.0,1.5,0.05,8.89,PASSED,agri/actuator/zone_east_orchard/dosing_dispatch
RUN-F52631A2,2026-08-21T11:45:00+00:00,zone_west_cotton,10.8,38.5,31.79,"UV=10.8 (t1/2=7.47h) -> Dosed 2.95% w/v lignin stabilizer. RH=31.79%, Temp=38.5C -> Dosed 0.100% v/v surfactant (gamma=38.71 mN/m). Dispatched 500.0mL batch over 4 channels.",40.0,14.75,0.5,444.75,500.0,38.71,4.0,1.48,0.05,8.89,PASSED,agri/actuator/zone_west_cotton/dosing_dispatch
RUN-B1FD6DD5,2026-08-21T12:00:00+00:00,zone_north_cotton,11.24,38.68,33.96,"UV=11.24 (t1/2=7.2h) -> Dosed 3.00% w/v lignin stabilizer. RH=33.96%, Temp=38.68C -> Dosed 0.098% v/v surfactant (gamma=39.17 mN/m). Dispatched 500.0mL batch over 4 channels.",40.0,15.0,0.49,444.51,500.0,39.17,4.0,1.5,0.05,8.89,PASSED,agri/actuator/zone_north_cotton/dosing_dispatch
RUN-4E4E2852,2026-08-21T12:15:00+00:00,zone_south_cotton,11.53,38.83,32.16,"UV=11.53 (t1/2=7.03h) -> Dosed 3.00% w/v lignin stabilizer. RH=32.16%, Temp=38.83C -> Dosed 0.100% v/v surfactant (gamma=38.74 mN/m). Dispatched 500.0mL batch over 4 channels.",40.0,15.0,0.5,444.5,500.0,38.74,4.0,1.5,0.05,8.89,PASSED,agri/actuator/zone_south_cotton/dosing_dispatch
RUN-B6AC98F0,2026-08-21T12:30:00+00:00,zone_east_orchard,11.82,38.28,29.97,"UV=11.82 (t1/2=7.11h) -> Dosed 3.00% w/v lignin stabilizer. RH=29.97%, Temp=38.28C -> Dosed 0.101% v/v surfactant (gamma=38.34 mN/m). Dispatched 500.0mL batch over 4 channels.",40.0,15.0,0.5,444.5,500.0,38.34,4.0,1.5,0.05,8.89,PASSED,agri/actuator/zone_east_orchard/dosing_dispatch
RUN-75E5C9E6,2026-08-21T12:45:00+00:00,zone_west_cotton,11.68,39.51,30.32,"UV=11.68 (t1/2=6.72h) -> Dosed 3.00% w/v lignin stabilizer. RH=30.32%, Temp=39.51C -> Dosed 0.101% v/v surfactant (gamma=38.22 mN/m). Dispatched 500.0mL batch over 4 channels.",40.0,15.0,0.51,444.49,500.0,38.22,4.0,1.5,0.05,8.89,PASSED,agri/actuator/zone_west_cotton/dosing_dispatch
RUN-668E0E64,2026-08-21T13:00:00+00:00,zone_north_cotton,11.67,38.7,28.54,"UV=11.67 (t1/2=7.02h) -> Dosed 3.00% w/v lignin stabilizer. RH=28.54%, Temp=38.7C -> Dosed 0.102% v/v surfactant (gamma=37.95 mN/m). Dispatched 500.0mL batch over 4 channels.",40.0,15.0,0.51,444.49,500.0,37.95,4.0,1.5,0.05,8.89,PASSED,agri/actuator/zone_north_cotton/dosing_dispatch
RUN-19E9B805,2026-08-21T13:15:00+00:00,zone_south_cotton,11.62,38.82,30.39,"UV=11.62 (t1/2=6.99h) -> Dosed 3.00% w/v lignin stabilizer. RH=30.39%, Temp=38.82C -> Dosed 0.101% v/v surfactant (gamma=38.35 mN/m). Dispatched 500.0mL batch over 4 channels.",40.0,15.0,0.5,444.5,500.0,38.35,4.0,1.5,0.05,8.89,PASSED,agri/actuator/zone_south_cotton/dosing_dispatch
RUN-26379E05,2026-08-21T13:30:00+00:00,zone_east_orchard,10.75,38.45,32.4,"UV=10.75 (t1/2=7.51h) -> Dosed 2.94% w/v lignin stabilizer. RH=32.4%, Temp=38.45C -> Dosed 0.099% v/v surfactant (gamma=38.86 mN/m). Dispatched 500.0mL batch over 4 channels.",40.0,14.69,0.5,444.81,500.0,38.86,4.0,1.47,0.05,8.9,PASSED,agri/actuator/zone_east_orchard/dosing_dispatch
RUN-FFAC0559,2026-08-21T13:45:00+00:00,zone_west_cotton,11.19,38.49,31.93,ALERT: Surfactant concentration (0.300%) breaches safety ceiling (0.20%). Execution halted by Safety & Compliance Agent to protect crop foliage.,40.0,15.0,1.5,443.5,500.0,21.2,0.0,0.0,0.0,0.0,REJECTED_PHYTOTOXIC,agri/actuator/zone_west_cotton/dosing_dispatch
RUN-81C70281,2026-08-21T14:00:00+00:00,zone_north_cotton,11.79,37.96,31.34,"UV=11.79 (t1/2=7.25h) -> Dosed 3.00% w/v lignin stabilizer. RH=31.34%, Temp=37.96C -> Dosed 0.100% v/v surfactant (gamma=38.7 mN/m). Dispatched 500.0mL batch over 4 channels.",40.0,15.0,0.5,444.5,500.0,38.7,4.0,1.5,0.05,8.89,PASSED,agri/actuator/zone_north_cotton/dosing_dispatch
RUN-6DE244F4,2026-08-21T14:15:00+00:00,zone_south_cotton,11.5,37.8,30.38,"UV=11.5 (t1/2=7.43h) -> Dosed 3.00% w/v lignin stabilizer. RH=30.38%, Temp=37.8C -> Dosed 0.100% v/v surfactant (gamma=38.51 mN/m). Dispatched 500.0mL batch over 4 channels.",40.0,15.0,0.5,444.5,500.0,38.51,4.0,1.5,0.05,8.89,PASSED,agri/actuator/zone_south_cotton/dosing_dispatch
RUN-26C3AED8,2026-08-21T14:30:00+00:00,zone_east_orchard,11.1,37.89,30.99,"UV=11.1 (t1/2=7.57h) -> Dosed 3.00% w/v lignin stabilizer. RH=30.99%, Temp=37.89C -> Dosed 0.100% v/v surfactant (gamma=38.63 mN/m). Dispatched 500.0mL batch over 4 channels.",40.0,15.0,0.5,444.5,500.0,38.63,4.0,1.5,0.05,8.89,PASSED,agri/actuator/zone_east_orchard/dosing_dispatch
RUN-D920D67B,2026-08-21T14:45:00+00:00,zone_west_cotton,10.2,37.6,33.34,"UV=10.2 (t1/2=8.13h) -> Dosed 2.80% w/v lignin stabilizer. RH=33.34%, Temp=37.6C -> Dosed 0.098% v/v surfactant (gamma=39.21 mN/m). Dispatched 500.0mL batch over 4 channels.",40.0,14.0,0.49,445.51,500.0,39.21,4.0,1.4,0.05,8.91,PASSED,agri/actuator/zone_west_cotton/dosing_dispatch
RUN-3B64B05F,2026-08-21T15:00:00+00:00,zone_north_cotton,10.43,37.51,35.09,"UV=10.43 (t1/2=8.05h) -> Dosed 2.86% w/v lignin stabilizer. RH=35.09%, Temp=37.51C -> Dosed 0.097% v/v surfactant (gamma=39.61 mN/m). Dispatched 500.0mL batch over 4 channels.",40.0,14.29,0.49,445.22,500.0,39.61,4.0,1.43,0.05,8.9,PASSED,agri/actuator/zone_north_cotton/dosing_dispatch
RUN-F7F59A5B,2026-08-21T15:15:00+00:00,zone_south_cotton,9.71,37.13,35.24,"UV=9.71 (t1/2=8.6h) -> Dosed 2.68% w/v lignin stabilizer. RH=35.24%, Temp=37.13C -> Dosed 0.097% v/v surfactant (gamma=39.71 mN/m). Dispatched 500.0mL batch over 4 channels.",40.0,13.39,0.48,446.13,500.0,39.71,4.0,1.34,0.05,8.92,PASSED,agri/actuator/zone_south_cotton/dosing_dispatch
RUN-545D8C8F,2026-08-21T15:30:00+00:00,zone_east_orchard,10.05,37.03,39.19,"UV=10.05 (t1/2=8.46h) -> Dosed 2.76% w/v lignin stabilizer. RH=39.19%, Temp=37.03C -> Dosed 0.094% v/v surfactant (gamma=40.61 mN/m). Dispatched 500.0mL batch over 4 channels.",40.0,13.81,0.47,445.72,500.0,40.61,4.0,1.38,0.05,8.91,PASSED,agri/actuator/zone_east_orchard/dosing_dispatch
RUN-700DEF7C,2026-08-21T15:45:00+00:00,zone_west_cotton,9.13,36.45,38.15,"UV=9.13 (t1/2=9.27h) -> Dosed 2.53% w/v lignin stabilizer. RH=38.15%, Temp=36.45C -> Dosed 0.095% v/v surfactant (gamma=40.47 mN/m). Dispatched 500.0mL batch over 4 channels.",40.0,12.66,0.47,446.87,500.0,40.47,4.0,1.27,0.05,8.94,PASSED,agri/actuator/zone_west_cotton/dosing_dispatch
RUN-0D8F972C,2026-08-21T16:00:00+00:00,zone_north_cotton,8.71,35.61,42.42,"UV=8.71 (t1/2=9.98h) -> Dosed 2.43% w/v lignin stabilizer. RH=42.42%, Temp=35.61C -> Dosed 0.091% v/v surfactant (gamma=41.54 mN/m). Dispatched 500.0mL batch over 4 channels.",40.0,12.14,0.46,447.4,500.0,41.54,4.0,1.21,0.05,8.95,PASSED,agri/actuator/zone_north_cotton/dosing_dispatch
RUN-58E88CEA,2026-08-21T16:15:00+00:00,zone_south_cotton,8.64,35.04,43.69,"UV=8.64 (t1/2=10.35h) -> Dosed 2.41% w/v lignin stabilizer. RH=43.69%, Temp=35.04C -> Dosed 0.090% v/v surfactant (gamma=41.91 mN/m). Dispatched 500.0mL batch over 4 channels.",40.0,12.05,0.45,447.5,500.0,41.91,4.0,1.21,0.04,8.95,PASSED,agri/actuator/zone_south_cotton/dosing_dispatch
RUN-F56A78BC,2026-08-21T16:30:00+00:00,zone_east_orchard,8.39,34.83,42.47,"UV=8.39 (t1/2=10.65h) -> Dosed 2.35% w/v lignin stabilizer. RH=42.47%, Temp=34.83C -> Dosed 0.091% v/v surfactant (gamma=41.67 mN/m). Dispatched 500.0mL batch over 4 channels.",40.0,11.74,0.46,447.8,500.0,41.67,4.0,1.17,0.05,8.96,PASSED,agri/actuator/zone_east_orchard/dosing_dispatch
RUN-20535F11,2026-08-21T16:45:00+00:00,zone_west_cotton,7.92,33.73,46.8,"UV=7.92 (t1/2=11.7h) -> Dosed 2.23% w/v lignin stabilizer. RH=46.8%, Temp=33.73C -> Dosed 0.088% v/v surfactant (gamma=42.79 mN/m). Dispatched 500.0mL batch over 4 channels.",40.0,11.15,0.44,448.41,500.0,42.79,4.0,1.11,0.04,8.97,PASSED,agri/actuator/zone_west_cotton/dosing_dispatch
RUN-D6CFD2F4,2026-08-21T17:00:00+00:00,zone_north_cotton,6.99,33.41,49.08,"UV=6.99 (t1/2=12.78h) -> Dosed 2.00% w/v lignin stabilizer. RH=49.08%, Temp=33.41C -> Dosed 0.086% v/v surfactant (gamma=43.34 mN/m). Dispatched 500.0mL batch over 4 channels.",40.0,9.99,0.43,449.58,500.0,43.34,4.0,1.0,0.04,8.99,PASSED,agri/actuator/zone_north_cotton/dosing_dispatch
RUN-8B8B983F,2026-08-21T17:15:00+00:00,zone_south_cotton,6.82,32.82,52.09,"UV=6.82 (t1/2=13.38h) -> Dosed 1.96% w/v lignin stabilizer. RH=52.09%, Temp=32.82C -> Dosed 0.084% v/v surfactant (gamma=44.08 mN/m). Dispatched 500.0mL batch over 4 channels.",40.0,9.78,0.42,449.8,500.0,44.08,4.0,0.98,0.04,9.0,PASSED,agri/actuator/zone_south_cotton/dosing_dispatch
RUN-6DB75798,2026-08-21T17:30:00+00:00,zone_east_orchard,6.15,31.43,52.51,"UV=6.15 (t1/2=15.27h) -> Dosed 1.79% w/v lignin stabilizer. RH=52.51%, Temp=31.43C -> Dosed 0.083% v/v surfactant (gamma=44.37 mN/m). Dispatched 500.0mL batch over 4 channels.",40.0,8.94,0.42,450.64,500.0,44.37,4.0,0.89,0.04,9.01,PASSED,agri/actuator/zone_east_orchard/dosing_dispatch
RUN-BDA931EC,2026-08-21T17:45:00+00:00,zone_west_cotton,5.2,31.58,54.67,"UV=5.2 (t1/2=16.48h) -> Dosed 1.55% w/v lignin stabilizer. RH=54.67%, Temp=31.58C -> Dosed 0.082% v/v surfactant (gamma=44.82 mN/m). Dispatched 500.0mL batch over 4 channels.",40.0,7.75,0.41,451.84,500.0,44.82,4.0,0.78,0.04,9.04,PASSED,agri/actuator/zone_west_cotton/dosing_dispatch
RUN-C26F98F5,2026-08-21T18:00:00+00:00,zone_north_cotton,5.43,30.31,58.13,"UV=5.43 (t1/2=17.31h) -> Dosed 1.61% w/v lignin stabilizer. RH=58.13%, Temp=30.31C -> Dosed 0.079% v/v surfactant (gamma=45.74 mN/m). Dispatched 500.0mL batch over 4 channels.",40.0,8.04,0.4,451.56,500.0,45.74,4.0,0.8,0.04,9.03,PASSED,agri/actuator/zone_north_cotton/dosing_dispatch
RUN-1753CFFF,2026-08-21T18:15:00+00:00,zone_south_cotton,4.24,29.18,59.77,"UV=4.24 (t1/2=20.68h) -> Dosed 1.31% w/v lignin stabilizer. RH=59.77%, Temp=29.18C -> Dosed 0.078% v/v surfactant (gamma=46.24 mN/m). Dispatched 500.0mL batch over 4 channels.",40.0,6.55,0.39,453.06,500.0,46.24,4.0,0.66,0.04,9.06,PASSED,agri/actuator/zone_south_cotton/dosing_dispatch
RUN-8A33DEB9,2026-08-21T18:30:00+00:00,zone_east_orchard,4.07,28.91,61.35,"UV=4.07 (t1/2=21.36h) -> Dosed 1.27% w/v lignin stabilizer. RH=61.35%, Temp=28.91C -> Dosed 0.077% v/v surfactant (gamma=46.62 mN/m). Dispatched 500.0mL batch over 4 channels.",40.0,6.34,0.38,453.28,500.0,46.62,4.0,0.63,0.04,9.07,PASSED,agri/actuator/zone_east_orchard/dosing_dispatch
RUN-E8D8AD03,2026-08-21T18:45:00+00:00,zone_west_cotton,3.16,27.91,64.53,"UV=3.16 (t1/2=24.96h) -> Dosed 1.04% w/v lignin stabilizer. RH=64.53%, Temp=27.91C -> Dosed 0.074% v/v surfactant (gamma=47.43 mN/m). Dispatched 500.0mL batch over 4 channels.",40.0,5.2,0.37,454.43,500.0,47.43,4.0,0.52,0.04,9.09,PASSED,agri/actuator/zone_west_cotton/dosing_dispatch
RUN-F21C6747,2026-08-21T19:00:00+00:00,zone_north_cotton,2.91,27.42,65.69,"UV=2.91 (t1/2=26.42h) -> Dosed 0.98% w/v lignin stabilizer. RH=65.69%, Temp=27.42C -> Dosed 0.073% v/v surfactant (gamma=47.74 mN/m). Dispatched 500.0mL batch over 4 channels.",40.0,4.89,0.37,454.74,500.0,47.74,4.0,0.49,0.04,9.09,PASSED,agri/actuator/zone_north_cotton/dosing_dispatch
RUN-31CE8369,2026-08-21T19:15:00+00:00,zone_south_cotton,1.67,25.52,70.73,"UV=1.67 (t1/2=34.48h) -> Dosed 0.67% w/v lignin stabilizer. RH=70.73%, Temp=25.52C -> Dosed 0.069% v/v surfactant (gamma=49.04 mN/m). Dispatched 500.0mL batch over 4 channels.",40.0,3.34,0.35,456.31,500.0,49.04,4.0,0.33,0.03,9.13,PASSED,agri/actuator/zone_south_cotton/dosing_dispatch
RUN-8B96F3DC,2026-08-21T19:30:00+00:00,zone_east_orchard,1.27,25.62,72.29,"UV=1.27 (t1/2=36.3h) -> Dosed 0.57% w/v lignin stabilizer. RH=72.29%, Temp=25.62C -> Dosed 0.069% v/v surfactant (gamma=49.36 mN/m). Dispatched 500.0mL batch over 4 channels.",40.0,2.84,0.34,456.82,500.0,49.36,4.0,0.28,0.03,9.14,PASSED,agri/actuator/zone_east_orchard/dosing_dispatch
RUN-281C5D8C,2026-08-21T19:45:00+00:00,zone_west_cotton,0.51,24.28,74.6,"UV=0.51 (t1/2=44.12h) -> Dosed 0.38% w/v lignin stabilizer. RH=74.6%, Temp=24.28C -> Dosed 0.067% v/v surfactant (gamma=50.0 mN/m). Dispatched 500.0mL batch over 4 channels.",40.0,1.89,0.33,457.78,500.0,50.0,4.0,0.19,0.03,9.16,PASSED,agri/actuator/zone_west_cotton/dosing_dispatch
RUN-071EDBA6,2026-08-21T20:00:00+00:00,zone_north_cotton,0.0,23.77,78.63,"UV=0.0 (t1/2=49.61h) -> Dosed 0.25% w/v lignin stabilizer. RH=78.63%, Temp=23.77C -> Dosed 0.064% v/v surfactant (gamma=50.9 mN/m). Dispatched 500.0mL batch over 4 channels.",40.0,1.25,0.32,458.43,500.0,50.9,4.0,0.12,0.03,9.17,PASSED,agri/actuator/zone_north_cotton/dosing_dispatch
RUN-30E01343,2026-08-21T20:15:00+00:00,zone_south_cotton,0.0,23.58,77.37,"UV=0.0 (t1/2=50.16h) -> Dosed 0.25% w/v lignin stabilizer. RH=77.37%, Temp=23.58C -> Dosed 0.065% v/v surfactant (gamma=50.66 mN/m). Dispatched 500.0mL batch over 4 channels.",40.0,1.25,0.32,458.43,500.0,50.66,4.0,0.12,0.03,9.17,PASSED,agri/actuator/zone_south_cotton/dosing_dispatch
RUN-D3802E12,2026-08-21T20:30:00+00:00,zone_east_orchard,0.0,23.98,80.78,"UV=0.0 (t1/2=49.01h) -> Dosed 0.25% w/v lignin stabilizer. RH=80.78%, Temp=23.98C -> Dosed 0.063% v/v surfactant (gamma=51.33 mN/m). Dispatched 500.0mL batch over 4 channels.",40.0,1.25,0.31,458.44,500.0,51.33,4.0,0.12,0.03,9.17,PASSED,agri/actuator/zone_east_orchard/dosing_dispatch
RUN-85EB55A7,2026-08-21T20:45:00+00:00,zone_west_cotton,0.03,23.4,78.55,"UV=0.03 (t1/2=50.42h) -> Dosed 0.26% w/v lignin stabilizer. RH=78.55%, Temp=23.4C -> Dosed 0.064% v/v surfactant (gamma=50.92 mN/m). Dispatched 500.0mL batch over 4 channels.",40.0,1.29,0.32,458.39,500.0,50.92,4.0,0.13,0.03,9.17,PASSED,agri/actuator/zone_west_cotton/dosing_dispatch
RUN-02497916,2026-08-21T21:00:00+00:00,zone_north_cotton,0.0,24.2,77.9,"UV=0.0 (t1/2=48.39h) -> Dosed 0.25% w/v lignin stabilizer. RH=77.9%, Temp=24.2C -> Dosed 0.065% v/v surfactant (gamma=50.7 mN/m). Dispatched 500.0mL batch over 4 channels.",40.0,1.25,0.32,458.43,500.0,50.7,4.0,0.12,0.03,9.17,PASSED,agri/actuator/zone_north_cotton/dosing_dispatch
RUN-E4E49909,2026-08-21T21:15:00+00:00,zone_south_cotton,0.0,23.7,77.06,"UV=0.0 (t1/2=49.81h) -> Dosed 0.25% w/v lignin stabilizer. RH=77.06%, Temp=23.7C -> Dosed 0.065% v/v surfactant (gamma=50.58 mN/m). Dispatched 500.0mL batch over 4 channels.",40.0,1.25,0.32,458.43,500.0,50.58,4.0,0.12,0.03,9.17,PASSED,agri/actuator/zone_south_cotton/dosing_dispatch
RUN-D05A53B7,2026-08-21T21:30:00+00:00,zone_east_orchard,0.47,23.78,77.64,"UV=0.47 (t1/2=45.71h) -> Dosed 0.37% w/v lignin stabilizer. RH=77.64%, Temp=23.78C -> Dosed 0.065% v/v surfactant (gamma=50.69 mN/m). Dispatched 500.0mL batch over 4 channels.",40.0,1.84,0.32,457.84,500.0,50.69,4.0,0.18,0.03,9.16,PASSED,agri/actuator/zone_east_orchard/dosing_dispatch
RUN-D28CBD31,2026-08-21T21:45:00+00:00,zone_west_cotton,0.1,24.51,77.66,"UV=0.1 (t1/2=46.69h) -> Dosed 0.28% w/v lignin stabilizer. RH=77.66%, Temp=24.51C -> Dosed 0.065% v/v surfactant (gamma=50.61 mN/m). Dispatched 500.0mL batch over 4 channels.",40.0,1.38,0.32,458.3,500.0,50.61,4.0,0.14,0.03,9.17,PASSED,agri/actuator/zone_west_cotton/dosing_dispatch
RUN-0CCA80AD,2026-08-21T22:00:00+00:00,zone_north_cotton,0.06,23.97,77.55,"UV=0.06 (t1/2=48.52h) -> Dosed 0.27% w/v lignin stabilizer. RH=77.55%, Temp=23.97C -> Dosed 0.065% v/v surfactant (gamma=50.65 mN/m). Dispatched 500.0mL batch over 4 channels.",40.0,1.32,0.32,458.36,500.0,50.65,4.0,0.13,0.03,9.17,PASSED,agri/actuator/zone_north_cotton/dosing_dispatch
RUN-337EC006,2026-08-21T22:15:00+00:00,zone_south_cotton,0.0,23.97,78.1,"UV=0.0 (t1/2=49.04h) -> Dosed 0.25% w/v lignin stabilizer. RH=78.1%, Temp=23.97C -> Dosed 0.064% v/v surfactant (gamma=50.77 mN/m). Dispatched 500.0mL batch over 4 channels.",40.0,1.25,0.32,458.43,500.0,50.77,4.0,0.12,0.03,9.17,PASSED,agri/actuator/zone_south_cotton/dosing_dispatch
RUN-047E3D4C,2026-08-21T22:30:00+00:00,zone_east_orchard,0.44,24.51,76.55,"UV=0.44 (t1/2=44.04h) -> Dosed 0.36% w/v lignin stabilizer. RH=76.55%, Temp=24.51C -> Dosed 0.066% v/v surfactant (gamma=50.38 mN/m). Dispatched 500.0mL batch over 4 channels.",40.0,1.8,0.33,457.87,500.0,50.38,4.0,0.18,0.03,9.16,PASSED,agri/actuator/zone_east_orchard/dosing_dispatch
RUN-E7907F18,2026-08-21T22:45:00+00:00,zone_west_cotton,0.04,23.75,78.01,"UV=0.04 (t1/2=49.31h) -> Dosed 0.26% w/v lignin stabilizer. RH=78.01%, Temp=23.75C -> Dosed 0.064% v/v surfactant (gamma=50.77 mN/m). Dispatched 500.0mL batch over 4 channels.",40.0,1.3,0.32,458.38,500.0,50.77,4.0,0.13,0.03,9.17,PASSED,agri/actuator/zone_west_cotton/dosing_dispatch
RUN-C7D591A1,2026-08-21T23:00:00+00:00,zone_north_cotton,0.28,24.32,77.9,"UV=0.28 (t1/2=45.75h) -> Dosed 0.32% w/v lignin stabilizer. RH=77.9%, Temp=24.32C -> Dosed 0.065% v/v surfactant (gamma=50.69 mN/m). Dispatched 500.0mL batch over 4 channels.",40.0,1.6,0.32,458.08,500.0,50.69,4.0,0.16,0.03,9.16,PASSED,agri/actuator/zone_north_cotton/dosing_dispatch
RUN-83BAF2ED,2026-08-21T23:15:00+00:00,zone_south_cotton,0.3,23.99,78.42,"UV=0.3 (t1/2=46.47h) -> Dosed 0.33% w/v lignin stabilizer. RH=78.42%, Temp=23.99C -> Dosed 0.064% v/v surfactant (gamma=50.83 mN/m). Dispatched 500.0mL batch over 4 channels.",40.0,1.63,0.32,458.05,500.0,50.83,4.0,0.16,0.03,9.16,PASSED,agri/actuator/zone_south_cotton/dosing_dispatch
RUN-8F7B8BD0,2026-08-21T23:30:00+00:00,zone_east_orchard,0.0,23.55,76.55,"UV=0.0 (t1/2=50.25h) -> Dosed 0.25% w/v lignin stabilizer. RH=76.55%, Temp=23.55C -> Dosed 0.065% v/v surfactant (gamma=50.49 mN/m). Dispatched 500.0mL batch over 4 channels.",40.0,1.25,0.33,458.42,500.0,50.49,4.0,0.12,0.03,9.17,PASSED,agri/actuator/zone_east_orchard/dosing_dispatch
RUN-7AA70AB6,2026-08-21T23:45:00+00:00,zone_west_cotton,0.12,24.13,79.98,"UV=0.12 (t1/2=47.56h) -> Dosed 0.28% w/v lignin stabilizer. RH=79.98%, Temp=24.13C -> Dosed 0.063% v/v surfactant (gamma=51.14 mN/m). Dispatched 500.0mL batch over 4 channels.",40.0,1.4,0.32,458.28,500.0,51.14,4.0,0.14,0.03,9.17,PASSED,agri/actuator/zone_west_cotton/dosing_dispatch
RUN-11233175,2026-08-22T00:00:00+00:00,zone_north_cotton,0.0,23.86,77.97,"UV=0.0 (t1/2=49.35h) -> Dosed 0.25% w/v lignin stabilizer. RH=77.97%, Temp=23.86C -> Dosed 0.064% v/v surfactant (gamma=50.75 mN/m). Dispatched 500.0mL batch over 4 channels.",40.0,1.25,0.32,458.43,500.0,50.75,4.0,0.12,0.03,9.17,PASSED,agri/actuator/zone_north_cotton/dosing_dispatch
RUN-A143206E,2026-08-22T00:15:00+00:00,zone_south_cotton,0.33,23.92,78.76,"UV=0.33 (t1/2=46.42h) -> Dosed 0.33% w/v lignin stabilizer. RH=78.76%, Temp=23.92C -> Dosed 0.064% v/v surfactant (gamma=50.91 mN/m). Dispatched 500.0mL batch over 4 channels.",40.0,1.66,0.32,458.02,500.0,50.91,4.0,0.17,0.03,9.16,PASSED,agri/actuator/zone_south_cotton/dosing_dispatch
RUN-A5562C67,2026-08-22T00:30:00+00:00,zone_east_orchard,0.24,24.14,78.39,"UV=0.24 (t1/2=46.55h) -> Dosed 0.31% w/v lignin stabilizer. RH=78.39%, Temp=24.14C -> Dosed 0.064% v/v surfactant (gamma=50.81 mN/m). Dispatched 500.0mL batch over 4 channels.",40.0,1.55,0.32,458.13,500.0,50.81,4.0,0.15,0.03,9.16,PASSED,agri/actuator/zone_east_orchard/dosing_dispatch
RUN-479DB4CE,2026-08-22T00:45:00+00:00,zone_west_cotton,0.03,23.57,75.43,"UV=0.03 (t1/2=49.92h) -> Dosed 0.26% w/v lignin stabilizer. RH=75.43%, Temp=23.57C -> Dosed 0.066% v/v surfactant (gamma=50.25 mN/m). Dispatched 500.0mL batch over 4 channels.",40.0,1.29,0.33,458.38,500.0,50.25,4.0,0.13,0.03,9.17,PASSED,agri/actuator/zone_west_cotton/dosing_dispatch
RUN-A319E026,2026-08-22T01:00:00+00:00,zone_north_cotton,0.0,23.76,76.86,"UV=0.0 (t1/2=49.64h) -> Dosed 0.25% w/v lignin stabilizer. RH=76.86%, Temp=23.76C -> Dosed 0.065% v/v surfactant (gamma=50.53 mN/m). Dispatched 500.0mL batch over 4 channels.",40.0,1.25,0.33,458.42,500.0,50.53,4.0,0.12,0.03,9.17,PASSED,agri/actuator/zone_north_cotton/dosing_dispatch
RUN-D9E1F603,2026-08-22T01:15:00+00:00,zone_south_cotton,0.0,24.06,77.93,"UV=0.0 (t1/2=48.78h) -> Dosed 0.25% w/v lignin stabilizer. RH=77.93%, Temp=24.06C -> Dosed 0.065% v/v surfactant (gamma=50.72 mN/m). Dispatched 500.0mL batch over 4 channels.",40.0,1.25,0.32,458.43,500.0,50.72,4.0,0.12,0.03,9.17,PASSED,agri/actuator/zone_south_cotton/dosing_dispatch
RUN-F83E0357,2026-08-22T01:30:00+00:00,zone_east_orchard,0.0,24.42,76.55,"UV=0.0 (t1/2=47.78h) -> Dosed 0.25% w/v lignin stabilizer. RH=76.55%, Temp=24.42C -> Dosed 0.066% v/v surfactant (gamma=50.39 mN/m). Dispatched 500.0mL batch over 4 channels.",40.0,1.25,0.33,458.42,500.0,50.39,4.0,0.12,0.03,9.17,PASSED,agri/actuator/zone_east_orchard/dosing_dispatch
RUN-97BCAD38,2026-08-22T01:45:00+00:00,zone_west_cotton,0.0,24.54,79.25,"UV=0.0 (t1/2=47.45h) -> Dosed 0.25% w/v lignin stabilizer. RH=79.25%, Temp=24.54C -> Dosed 0.064% v/v surfactant (gamma=50.94 mN/m). Dispatched 500.0mL batch over 4 channels.",40.0,1.25,0.32,458.43,500.0,50.94,4.0,0.12,0.03,9.17,PASSED,agri/actuator/zone_west_cotton/dosing_dispatch
RUN-431C018D,2026-08-22T02:00:00+00:00,zone_north_cotton,0.0,24.24,79.52,"UV=0.0 (t1/2=48.28h) -> Dosed 0.25% w/v lignin stabilizer. RH=79.52%, Temp=24.24C -> Dosed 0.064% v/v surfactant (gamma=51.03 mN/m). Dispatched 500.0mL batch over 4 channels.",40.0,1.25,0.32,458.43,500.0,51.03,4.0,0.12,0.03,9.17,PASSED,agri/actuator/zone_north_cotton/dosing_dispatch
RUN-50DD8382,2026-08-22T02:15:00+00:00,zone_south_cotton,0.0,23.4,77.16,"UV=0.0 (t1/2=50.69h) -> Dosed 0.25% w/v lignin stabilizer. RH=77.16%, Temp=23.4C -> Dosed 0.065% v/v surfactant (gamma=50.63 mN/m). Dispatched 500.0mL batch over 4 channels.",40.0,1.25,0.32,458.43,500.0,50.63,4.0,0.12,0.03,9.17,PASSED,agri/actuator/zone_south_cotton/dosing_dispatch
RUN-4154BDB7,2026-08-22T02:30:00+00:00,zone_east_orchard,0.0,23.17,77.15,"UV=0.0 (t1/2=51.37h) -> Dosed 0.25% w/v lignin stabilizer. RH=77.15%, Temp=23.17C -> Dosed 0.065% v/v surfactant (gamma=50.66 mN/m). Dispatched 500.0mL batch over 4 channels.",40.0,1.25,0.32,458.43,500.0,50.66,4.0,0.12,0.03,9.17,PASSED,agri/actuator/zone_east_orchard/dosing_dispatch
RUN-DB1C07FA,2026-08-22T02:45:00+00:00,zone_west_cotton,0.0,23.63,78.67,"UV=0.0 (t1/2=50.02h) -> Dosed 0.25% w/v lignin stabilizer. RH=78.67%, Temp=23.63C -> Dosed 0.064% v/v surfactant (gamma=50.92 mN/m). Dispatched 500.0mL batch over 4 channels.",40.0,1.25,0.32,458.43,500.0,50.92,4.0,0.12,0.03,9.17,PASSED,agri/actuator/zone_west_cotton/dosing_dispatch
RUN-8FA077C0,2026-08-22T03:00:00+00:00,zone_north_cotton,0.0,24.08,78.5,"UV=0.0 (t1/2=48.73h) -> Dosed 0.25% w/v lignin stabilizer. RH=78.5%, Temp=24.08C -> Dosed 0.064% v/v surfactant (gamma=50.84 mN/m). Dispatched 500.0mL batch over 4 channels.",40.0,1.25,0.32,458.43,500.0,50.84,4.0,0.12,0.03,9.17,PASSED,agri/actuator/zone_north_cotton/dosing_dispatch
RUN-78E59CBB,2026-08-22T03:15:00+00:00,zone_south_cotton,0.0,23.85,78.74,"UV=0.0 (t1/2=49.38h) -> Dosed 0.25% w/v lignin stabilizer. RH=78.74%, Temp=23.85C -> Dosed 0.064% v/v surfactant (gamma=50.91 mN/m). Dispatched 500.0mL batch over 4 channels.",40.0,1.25,0.32,458.43,500.0,50.91,4.0,0.12,0.03,9.17,PASSED,agri/actuator/zone_south_cotton/dosing_dispatch
RUN-914AD1DB,2026-08-22T03:30:00+00:00,zone_east_orchard,0.0,24.1,77.16,"UV=0.0 (t1/2=48.67h) -> Dosed 0.25% w/v lignin stabilizer. RH=77.16%, Temp=24.1C -> Dosed 0.065% v/v surfactant (gamma=50.55 mN/m). Dispatched 500.0mL batch over 4 channels.",40.0,1.25,0.33,458.42,500.0,50.55,4.0,0.12,0.03,9.17,PASSED,agri/actuator/zone_east_orchard/dosing_dispatch
RUN-BABB7D25,2026-08-22T03:45:00+00:00,zone_west_cotton,0.41,24.34,78.77,"UV=0.41 (t1/2=44.7h) -> Dosed 0.35% w/v lignin stabilizer. RH=78.77%, Temp=24.34C -> Dosed 0.064% v/v surfactant (gamma=50.87 mN/m). Dispatched 500.0mL batch over 4 channels.",40.0,1.76,0.32,457.92,500.0,50.87,4.0,0.18,0.03,9.16,PASSED,agri/actuator/zone_west_cotton/dosing_dispatch
RUN-A73EBF67,2026-08-22T04:00:00+00:00,zone_north_cotton,0.0,24.72,77.23,"UV=0.0 (t1/2=46.96h) -> Dosed 0.25% w/v lignin stabilizer. RH=77.23%, Temp=24.72C -> Dosed 0.065% v/v surfactant (gamma=50.5 mN/m). Dispatched 500.0mL batch over 4 channels.",40.0,1.25,0.33,458.42,500.0,50.5,4.0,0.12,0.03,9.17,PASSED,agri/actuator/zone_north_cotton/dosing_dispatch
RUN-11E6A342,2026-08-22T04:15:00+00:00,zone_south_cotton,0.0,23.51,77.87,"UV=0.0 (t1/2=50.37h) -> Dosed 0.25% w/v lignin stabilizer. RH=77.87%, Temp=23.51C -> Dosed 0.064% v/v surfactant (gamma=50.77 mN/m). Dispatched 500.0mL batch over 4 channels.",40.0,1.25,0.32,458.43,500.0,50.77,4.0,0.12,0.03,9.17,PASSED,agri/actuator/zone_south_cotton/dosing_dispatch
RUN-C28BC396,2026-08-22T04:30:00+00:00,zone_east_orchard,0.0,24.23,76.18,"UV=0.0 (t1/2=48.31h) -> Dosed 0.25% w/v lignin stabilizer. RH=76.18%, Temp=24.23C -> Dosed 0.066% v/v surfactant (gamma=50.33 mN/m). Dispatched 500.0mL batch over 4 channels.",40.0,1.25,0.33,458.42,500.0,50.33,4.0,0.12,0.03,9.17,PASSED,agri/actuator/zone_east_orchard/dosing_dispatch
RUN-08D7A5DB,2026-08-22T04:45:00+00:00,zone_west_cotton,0.0,24.06,78.23,"UV=0.0 (t1/2=48.78h) -> Dosed 0.25% w/v lignin stabilizer. RH=78.23%, Temp=24.06C -> Dosed 0.064% v/v surfactant (gamma=50.78 mN/m). Dispatched 500.0mL batch over 4 channels.",40.0,1.25,0.32,458.43,500.0,50.78,4.0,0.12,0.03,9.17,PASSED,agri/actuator/zone_west_cotton/dosing_dispatch
RUN-2FC1D30C,2026-08-22T05:00:00+00:00,zone_north_cotton,0.0,23.96,79.47,"UV=0.0 (t1/2=49.07h) -> Dosed 0.25% w/v lignin stabilizer. RH=79.47%, Temp=23.96C -> Dosed 0.064% v/v surfactant (gamma=51.05 mN/m). Dispatched 500.0mL batch over 4 channels.",40.0,1.25,0.32,458.43,500.0,51.05,4.0,0.12,0.03,9.17,PASSED,agri/actuator/zone_north_cotton/dosing_dispatch
RUN-C26A5968,2026-08-22T05:15:00+00:00,zone_south_cotton,0.0,23.7,77.12,"UV=0.0 (t1/2=49.81h) -> Dosed 0.25% w/v lignin stabilizer. RH=77.12%, Temp=23.7C -> Dosed 0.065% v/v surfactant (gamma=50.59 mN/m). Dispatched 500.0mL batch over 4 channels.",40.0,1.25,0.32,458.43,500.0,50.59,4.0,0.12,0.03,9.17,PASSED,agri/actuator/zone_south_cotton/dosing_dispatch
RUN-B5A7E78B,2026-08-22T05:30:00+00:00,zone_east_orchard,0.24,24.09,78.34,"UV=0.24 (t1/2=46.68h) -> Dosed 0.31% w/v lignin stabilizer. RH=78.34%, Temp=24.09C -> Dosed 0.064% v/v surfactant (gamma=50.8 mN/m). Dispatched 500.0mL batch over 4 channels.",40.0,1.55,0.32,458.13,500.0,50.8,4.0,0.15,0.03,9.16,PASSED,agri/actuator/zone_east_orchard/dosing_dispatch
RUN-2FC828DB,2026-08-22T05:45:00+00:00,zone_west_cotton,0.0,23.61,77.62,"UV=0.0 (t1/2=50.07h) -> Dosed 0.25% w/v lignin stabilizer. RH=77.62%, Temp=23.61C -> Dosed 0.065% v/v surfactant (gamma=50.71 mN/m). Dispatched 500.0mL batch over 4 channels.",40.0,1.25,0.32,458.43,500.0,50.71,4.0,0.12,0.03,9.17,PASSED,agri/actuator/zone_west_cotton/dosing_dispatch
RUN-A0F09390,2026-08-22T06:00:00+00:00,zone_north_cotton,1.05,24.15,77.26,"UV=1.05 (t1/2=40.82h) -> Dosed 0.51% w/v lignin stabilizer. RH=77.26%, Temp=24.15C -> Dosed 0.065% v/v surfactant (gamma=50.57 mN/m). Dispatched 500.0mL batch over 4 channels.",40.0,2.56,0.33,457.11,500.0,50.57,4.0,0.26,0.03,9.14,PASSED,agri/actuator/zone_north_cotton/dosing_dispatch
RUN-4BDE5775,2026-08-22T06:15:00+00:00,zone_south_cotton,0.35,25.01,75.15,"UV=0.35 (t1/2=43.45h) -> Dosed 0.34% w/v lignin stabilizer. RH=75.15%, Temp=25.01C -> Dosed 0.067% v/v surfactant (gamma=50.03 mN/m). Dispatched 500.0mL batch over 4 channels.",40.0,1.69,0.33,457.98,500.0,50.03,4.0,0.17,0.03,9.16,PASSED,agri/actuator/zone_south_cotton/dosing_dispatch
RUN-9FCF6DEB,2026-08-22T06:30:00+00:00,zone_east_orchard,1.68,25.78,72.99,"UV=1.68 (t1/2=33.93h) -> Dosed 0.67% w/v lignin stabilizer. RH=72.99%, Temp=25.78C -> Dosed 0.068% v/v surfactant (gamma=49.48 mN/m). Dispatched 500.0mL batch over 4 channels.",40.0,3.35,0.34,456.31,500.0,49.48,4.0,0.34,0.03,9.13,PASSED,agri/actuator/zone_east_orchard/dosing_dispatch
RUN-52633960,2026-08-22T06:45:00+00:00,zone_west_cotton,1.73,26.72,71.22,"UV=1.73 (t1/2=31.94h) -> Dosed 0.68% w/v lignin stabilizer. RH=71.22%, Temp=26.72C -> Dosed 0.070% v/v surfactant (gamma=49.0 mN/m). Dispatched 500.0mL batch over 4 channels.",40.0,3.41,0.35,456.24,500.0,49.0,4.0,0.34,0.03,9.12,PASSED,agri/actuator/zone_west_cotton/dosing_dispatch
RUN-6AEC181F,2026-08-22T07:00:00+00:00,zone_north_cotton,2.87,26.55,68.45,"UV=2.87 (t1/2=27.88h) -> Dosed 0.97% w/v lignin stabilizer. RH=68.45%, Temp=26.55C -> Dosed 0.071% v/v surfactant (gamma=48.43 mN/m). Dispatched 500.0mL batch over 4 channels.",40.0,4.84,0.36,454.8,500.0,48.43,4.0,0.48,0.04,9.1,PASSED,agri/actuator/zone_north_cotton/dosing_dispatch
RUN-42ED76EF,2026-08-22T07:15:00+00:00,zone_south_cotton,3.49,28.36,64.43,"UV=3.49 (t1/2=23.44h) -> Dosed 1.12% w/v lignin stabilizer. RH=64.43%, Temp=28.36C -> Dosed 0.074% v/v surfactant (gamma=47.35 mN/m). Dispatched 500.0mL batch over 4 channels.",40.0,5.61,0.37,454.02,500.0,47.35,4.0,0.56,0.04,9.08,PASSED,agri/actuator/zone_south_cotton/dosing_dispatch
RUN-C832A301,2026-08-22T07:30:00+00:00,zone_east_orchard,3.6,29.54,60.4,"UV=3.6 (t1/2=21.68h) -> Dosed 1.15% w/v lignin stabilizer. RH=60.4%, Temp=29.54C -> Dosed 0.077% v/v surfactant (gamma=46.33 mN/m). Dispatched 500.0mL batch over 4 channels.",40.0,5.75,0.39,453.86,500.0,46.33,4.0,0.57,0.04,9.08,PASSED,agri/actuator/zone_east_orchard/dosing_dispatch
RUN-4D079D3A,2026-08-22T07:45:00+00:00,zone_west_cotton,4.32,30.16,59.0,"UV=4.32 (t1/2=19.42h) -> Dosed 1.33% w/v lignin stabilizer. RH=59.0%, Temp=30.16C -> Dosed 0.079% v/v surfactant (gamma=45.95 mN/m). Dispatched 500.0mL batch over 4 channels.",40.0,6.65,0.39,452.96,500.0,45.95,4.0,0.67,0.04,9.06,PASSED,agri/actuator/zone_west_cotton/dosing_dispatch
RUN-69338B86,2026-08-22T08:00:00+00:00,zone_north_cotton,4.68,31.27,57.62,"UV=4.68 (t1/2=17.62h) -> Dosed 1.42% w/v lignin stabilizer. RH=57.62%, Temp=31.27C -> Dosed 0.080% v/v surfactant (gamma=45.5 mN/m). Dispatched 500.0mL batch over 4 channels.",40.0,7.1,0.4,452.5,500.0,45.5,4.0,0.71,0.04,9.05,PASSED,agri/actuator/zone_north_cotton/dosing_dispatch
RUN-DA7A5600,2026-08-22T08:15:00+00:00,zone_south_cotton,5.5,32.07,53.55,"UV=5.5 (t1/2=15.61h) -> Dosed 1.62% w/v lignin stabilizer. RH=53.55%, Temp=32.07C -> Dosed 0.083% v/v surfactant (gamma=44.51 mN/m). Dispatched 500.0mL batch over 4 channels.",40.0,8.12,0.41,451.47,500.0,44.51,4.0,0.81,0.04,9.03,PASSED,agri/actuator/zone_south_cotton/dosing_dispatch
RUN-28F199D2,2026-08-22T08:30:00+00:00,zone_east_orchard,5.87,31.28,53.56,"UV=5.87 (t1/2=15.78h) -> Dosed 1.72% w/v lignin stabilizer. RH=53.56%, Temp=31.28C -> Dosed 0.082% v/v surfactant (gamma=44.62 mN/m). Dispatched 500.0mL batch over 4 channels.",40.0,8.59,0.41,451.0,500.0,44.62,4.0,0.86,0.04,9.02,PASSED,agri/actuator/zone_east_orchard/dosing_dispatch
RUN-22FDB9B4,2026-08-22T08:45:00+00:00,zone_west_cotton,6.43,33.02,50.95,"UV=6.43 (t1/2=13.67h) -> Dosed 1.86% w/v lignin stabilizer. RH=50.95%, Temp=33.02C -> Dosed 0.085% v/v surfactant (gamma=43.81 mN/m). Dispatched 500.0mL batch over 4 channels.",40.0,9.29,0.42,450.29,500.0,43.81,4.0,0.93,0.04,9.01,PASSED,agri/actuator/zone_west_cotton/dosing_dispatch
RUN-CEFC6323,2026-08-22T09:00:00+00:00,zone_north_cotton,7.39,33.52,47.83,"UV=7.39 (t1/2=12.32h) -> Dosed 2.10% w/v lignin stabilizer. RH=47.83%, Temp=33.52C -> Dosed 0.087% v/v surfactant (gamma=43.05 mN/m). Dispatched 500.0mL batch over 4 channels.",40.0,10.49,0.43,449.08,500.0,43.05,4.0,1.05,0.04,8.98,PASSED,agri/actuator/zone_north_cotton/dosing_dispatch
RUN-892A7A31,2026-08-22T09:15:00+00:00,zone_south_cotton,7.12,34.47,45.07,"UV=7.12 (t1/2=11.95h) -> Dosed 2.03% w/v lignin stabilizer. RH=45.07%, Temp=34.47C -> Dosed 0.089% v/v surfactant (gamma=42.3 mN/m). Dispatched 500.0mL batch over 4 channels.",40.0,10.15,0.45,449.4,500.0,42.3,4.0,1.02,0.04,8.99,PASSED,agri/actuator/zone_south_cotton/dosing_dispatch
RUN-F3D8FD5A,2026-08-22T09:30:00+00:00,zone_east_orchard,8.33,34.49,42.09,"UV=8.33 (t1/2=10.89h) -> Dosed 2.33% w/v lignin stabilizer. RH=42.09%, Temp=34.49C -> Dosed 0.091% v/v surfactant (gamma=41.64 mN/m). Dispatched 500.0mL batch over 4 channels.",40.0,11.66,0.46,447.88,500.0,41.64,4.0,1.17,0.05,8.96,PASSED,agri/actuator/zone_east_orchard/dosing_dispatch
RUN-9978C899,2026-08-22T09:45:00+00:00,zone_west_cotton,8.46,34.75,43.78,"UV=8.46 (t1/2=10.64h) -> Dosed 2.37% w/v lignin stabilizer. RH=43.78%, Temp=34.75C -> Dosed 0.090% v/v surfactant (gamma=41.98 mN/m). Dispatched 500.0mL batch over 4 channels.",40.0,11.83,0.45,447.72,500.0,41.98,4.0,1.18,0.04,8.95,PASSED,agri/actuator/zone_west_cotton/dosing_dispatch
RUN-4D667191,2026-08-22T10:00:00+00:00,zone_north_cotton,9.55,34.99,40.83,"UV=9.55 (t1/2=9.75h) -> Dosed 2.64% w/v lignin stabilizer. RH=40.83%, Temp=34.99C -> Dosed 0.092% v/v surfactant (gamma=41.29 mN/m). Dispatched 500.0mL batch over 4 channels.",40.0,13.19,0.46,446.35,500.0,41.29,4.0,1.32,0.05,8.93,PASSED,agri/actuator/zone_north_cotton/dosing_dispatch
RUN-6CF0F629,2026-08-22T10:15:00+00:00,zone_south_cotton,9.2,36.56,37.66,"UV=9.2 (t1/2=9.17h) -> Dosed 2.55% w/v lignin stabilizer. RH=37.66%, Temp=36.56C -> Dosed 0.095% v/v surfactant (gamma=40.34 mN/m). Dispatched 500.0mL batch over 4 channels.",40.0,12.75,0.47,446.78,500.0,40.34,4.0,1.27,0.05,8.94,PASSED,agri/actuator/zone_south_cotton/dosing_dispatch
RUN-8F77314F,2026-08-22T10:30:00+00:00,zone_east_orchard,9.81,36.48,38.14,"UV=9.81 (t1/2=8.85h) -> Dosed 2.70% w/v lignin stabilizer. RH=38.14%, Temp=36.48C -> Dosed 0.095% v/v surfactant (gamma=40.46 mN/m). Dispatched 500.0mL batch over 4 channels.",40.0,13.51,0.47,446.02,500.0,40.46,4.0,1.35,0.05,8.92,PASSED,agri/actuator/zone_east_orchard/dosing_dispatch
RUN-8F013613,2026-08-22T10:45:00+00:00,zone_west_cotton,10.13,37.26,36.23,"UV=10.13 (t1/2=8.32h) -> Dosed 2.78% w/v lignin stabilizer. RH=36.23%, Temp=37.26C -> Dosed 0.096% v/v surfactant (gamma=39.91 mN/m). Dispatched 500.0mL batch over 4 channels.",40.0,13.91,0.48,445.61,500.0,39.91,4.0,1.39,0.05,8.91,PASSED,agri/actuator/zone_west_cotton/dosing_dispatch
RUN-0341E4DB,2026-08-22T11:00:00+00:00,zone_north_cotton,10.49,37.91,34.86,"UV=10.49 (t1/2=7.85h) -> Dosed 2.87% w/v lignin stabilizer. RH=34.86%, Temp=37.91C -> Dosed 0.097% v/v surfactant (gamma=39.5 mN/m). Dispatched 500.0mL batch over 4 channels.",40.0,14.36,0.49,445.15,500.0,39.5,4.0,1.44,0.05,8.9,PASSED,agri/actuator/zone_north_cotton/dosing_dispatch
RUN-E96B9C85,2026-08-22T11:15:00+00:00,zone_south_cotton,10.51,37.77,33.89,"UV=10.51 (t1/2=7.9h) -> Dosed 2.88% w/v lignin stabilizer. RH=33.89%, Temp=37.77C -> Dosed 0.098% v/v surfactant (gamma=39.3 mN/m). Dispatched 500.0mL batch over 4 channels.",40.0,14.39,0.49,445.12,500.0,39.3,4.0,1.44,0.05,8.9,PASSED,agri/actuator/zone_south_cotton/dosing_dispatch
RUN-94BC66C4,2026-08-22T11:30:00+00:00,zone_east_orchard,10.83,38.69,33.39,"UV=10.83 (t1/2=7.38h) -> Dosed 2.96% w/v lignin stabilizer. RH=33.39%, Temp=38.69C -> Dosed 0.099% v/v surfactant (gamma=39.04 mN/m). Dispatched 500.0mL batch over 4 channels.",40.0,14.79,0.49,444.72,500.0,39.04,4.0,1.48,0.05,8.89,PASSED,agri/actuator/zone_east_orchard/dosing_dispatch
RUN-50F66068,2026-08-22T11:45:00+00:00,zone_west_cotton,11.14,38.55,32.3,"UV=11.14 (t1/2=7.3h) -> Dosed 3.00% w/v lignin stabilizer. RH=32.3%, Temp=38.55C -> Dosed 0.099% v/v surfactant (gamma=38.82 mN/m). Dispatched 500.0mL batch over 4 channels.",40.0,15.0,0.5,444.5,500.0,38.82,4.0,1.5,0.05,8.89,PASSED,agri/actuator/zone_west_cotton/dosing_dispatch
RUN-96E9C32D,2026-08-22T12:00:00+00:00,zone_north_cotton,11.0,38.62,30.39,"UV=11.0 (t1/2=7.33h) -> Dosed 3.00% w/v lignin stabilizer. RH=30.39%, Temp=38.62C -> Dosed 0.101% v/v surfactant (gamma=38.38 mN/m). Dispatched 500.0mL batch over 4 channels.",40.0,15.0,0.5,444.5,500.0,38.38,4.0,1.5,0.05,8.89,PASSED,agri/actuator/zone_north_cotton/dosing_dispatch
RUN-5997A1CA,2026-08-22T12:15:00+00:00,zone_south_cotton,11.68,38.83,32.68,"UV=11.68 (t1/2=6.97h) -> Dosed 3.00% w/v lignin stabilizer. RH=32.68%, Temp=38.83C -> Dosed 0.099% v/v surfactant (gamma=38.86 mN/m). Dispatched 500.0mL batch over 4 channels.",40.0,15.0,0.5,444.5,500.0,38.86,4.0,1.5,0.05,8.89,PASSED,agri/actuator/zone_south_cotton/dosing_dispatch
RUN-9798F705,2026-08-22T12:30:00+00:00,zone_east_orchard,11.15,39.01,30.42,"UV=11.15 (t1/2=7.12h) -> Dosed 3.00% w/v lignin stabilizer. RH=30.42%, Temp=39.01C -> Dosed 0.101% v/v surfactant (gamma=38.32 mN/m). Dispatched 500.0mL batch over 4 channels.",40.0,15.0,0.5,444.5,500.0,38.32,4.0,1.5,0.05,8.89,PASSED,agri/actuator/zone_east_orchard/dosing_dispatch
RUN-87277E96,2026-08-22T12:45:00+00:00,zone_west_cotton,11.73,39.65,29.25,"UV=11.73 (t1/2=6.65h) -> Dosed 3.00% w/v lignin stabilizer. RH=29.25%, Temp=39.65C -> Dosed 0.102% v/v surfactant (gamma=37.95 mN/m). Dispatched 500.0mL batch over 4 channels.",40.0,15.0,0.51,444.49,500.0,37.95,4.0,1.5,0.05,8.89,PASSED,agri/actuator/zone_west_cotton/dosing_dispatch
RUN-76D89D71,2026-08-22T13:00:00+00:00,zone_north_cotton,11.47,39.41,31.4,"UV=11.47 (t1/2=6.84h) -> Dosed 3.00% w/v lignin stabilizer. RH=31.4%, Temp=39.41C -> Dosed 0.100% v/v surfactant (gamma=38.48 mN/m). Dispatched 500.0mL batch over 4 channels.",40.0,15.0,0.5,444.5,500.0,38.48,4.0,1.5,0.05,8.89,PASSED,agri/actuator/zone_north_cotton/dosing_dispatch
RUN-6AF0914E,2026-08-22T13:15:00+00:00,zone_south_cotton,10.96,38.63,30.09,"UV=10.96 (t1/2=7.35h) -> Dosed 2.99% w/v lignin stabilizer. RH=30.09%, Temp=38.63C -> Dosed 0.101% v/v surfactant (gamma=38.31 mN/m). Dispatched 500.0mL batch over 4 channels.",40.0,14.95,0.5,444.55,500.0,38.31,4.0,1.49,0.05,8.89,PASSED,agri/actuator/zone_south_cotton/dosing_dispatch
RUN-7914DC79,2026-08-22T13:30:00+00:00,zone_east_orchard,11.65,38.71,30.19,"UV=11.65 (t1/2=7.02h) -> Dosed 3.00% w/v lignin stabilizer. RH=30.19%, Temp=38.71C -> Dosed 0.101% v/v surfactant (gamma=38.32 mN/m). Dispatched 500.0mL batch over 4 channels.",40.0,15.0,0.5,444.5,500.0,38.32,4.0,1.5,0.05,8.89,PASSED,agri/actuator/zone_east_orchard/dosing_dispatch
RUN-9569863B,2026-08-22T13:45:00+00:00,zone_west_cotton,11.45,38.69,27.79,"UV=11.45 (t1/2=7.11h) -> Dosed 3.00% w/v lignin stabilizer. RH=27.79%, Temp=38.69C -> Dosed 0.102% v/v surfactant (gamma=37.78 mN/m). Dispatched 500.0mL batch over 4 channels.",40.0,15.0,0.51,444.49,500.0,37.78,4.0,1.5,0.05,8.89,PASSED,agri/actuator/zone_west_cotton/dosing_dispatch
RUN-C9F2574A,2026-08-22T14:00:00+00:00,zone_north_cotton,11.18,38.81,31.57,"UV=11.18 (t1/2=7.18h) -> Dosed 3.00% w/v lignin stabilizer. RH=31.57%, Temp=38.81C -> Dosed 0.100% v/v surfactant (gamma=38.61 mN/m). Dispatched 500.0mL batch over 4 channels.",40.0,15.0,0.5,444.5,500.0,38.61,4.0,1.5,0.05,8.89,PASSED,agri/actuator/zone_north_cotton/dosing_dispatch
RUN-975B94C8,2026-08-22T14:15:00+00:00,zone_south_cotton,10.32,38.14,30.41,"UV=10.32 (t1/2=7.84h) -> Dosed 2.83% w/v lignin stabilizer. RH=30.41%, Temp=38.14C -> Dosed 0.100% v/v surfactant (gamma=38.46 mN/m). Dispatched 500.0mL batch over 4 channels.",40.0,14.15,0.5,445.35,500.0,38.46,4.0,1.42,0.05,8.91,PASSED,agri/actuator/zone_south_cotton/dosing_dispatch
RUN-35C3C75E,2026-08-22T14:30:00+00:00,zone_east_orchard,10.7,38.32,33.04,"UV=10.7 (t1/2=7.59h) -> Dosed 2.92% w/v lignin stabilizer. RH=33.04%, Temp=38.32C -> Dosed 0.099% v/v surfactant (gamma=39.02 mN/m). Dispatched 500.0mL batch over 4 channels.",40.0,14.62,0.49,444.89,500.0,39.02,4.0,1.46,0.05,8.9,PASSED,agri/actuator/zone_east_orchard/dosing_dispatch
RUN-36CFC0E2,2026-08-22T14:45:00+00:00,zone_west_cotton,10.66,38.03,33.25,"UV=10.66 (t1/2=7.72h) -> Dosed 2.92% w/v lignin stabilizer. RH=33.25%, Temp=38.03C -> Dosed 0.098% v/v surfactant (gamma=39.12 mN/m). Dispatched 500.0mL batch over 4 channels.",40.0,14.57,0.49,444.94,500.0,39.12,4.0,1.46,0.05,8.9,PASSED,agri/actuator/zone_west_cotton/dosing_dispatch
RUN-C7BBFB60,2026-08-22T15:00:00+00:00,zone_north_cotton,10.79,37.74,34.62,"UV=10.79 (t1/2=7.78h) -> Dosed 2.95% w/v lignin stabilizer. RH=34.62%, Temp=37.74C -> Dosed 0.097% v/v surfactant (gamma=39.47 mN/m). Dispatched 500.0mL batch over 4 channels.",40.0,14.74,0.49,444.77,500.0,39.47,4.0,1.47,0.05,8.9,PASSED,agri/actuator/zone_north_cotton/dosing_dispatch
RUN-686D2AA0,2026-08-22T15:15:00+00:00,zone_south_cotton,10.06,37.04,36.0,"UV=10.06 (t1/2=8.45h) -> Dosed 2.77% w/v lignin stabilizer. RH=36.0%, Temp=37.04C -> Dosed 0.096% v/v surfactant (gamma=39.89 mN/m). Dispatched 500.0mL batch over 4 channels.",40.0,13.83,0.48,445.69,500.0,39.89,4.0,1.38,0.05,8.91,PASSED,agri/actuator/zone_south_cotton/dosing_dispatch
RUN-3DDB33F7,2026-08-22T15:30:00+00:00,zone_east_orchard,9.98,35.39,39.7,"UV=9.98 (t1/2=9.28h) -> Dosed 2.75% w/v lignin stabilizer. RH=39.7%, Temp=35.39C -> Dosed 0.093% v/v surfactant (gamma=40.98 mN/m). Dispatched 500.0mL batch over 4 channels.",40.0,13.73,0.47,445.8,500.0,40.98,4.0,1.37,0.05,8.92,PASSED,agri/actuator/zone_east_orchard/dosing_dispatch
RUN-89A7478B,2026-08-22T15:45:00+00:00,zone_west_cotton,9.55,36.25,38.33,"UV=9.55 (t1/2=9.11h) -> Dosed 2.64% w/v lignin stabilizer. RH=38.33%, Temp=36.25C -> Dosed 0.094% v/v surfactant (gamma=40.54 mN/m). Dispatched 500.0mL batch over 4 channels.",40.0,13.19,0.47,446.34,500.0,40.54,4.0,1.32,0.05,8.93,PASSED,agri/actuator/zone_west_cotton/dosing_dispatch
RUN-20C1ECFB,2026-08-22T16:00:00+00:00,zone_north_cotton,9.09,35.37,39.83,"UV=9.09 (t1/2=9.85h) -> Dosed 2.52% w/v lignin stabilizer. RH=39.83%, Temp=35.37C -> Dosed 0.093% v/v surfactant (gamma=41.01 mN/m). Dispatched 500.0mL batch over 4 channels.",40.0,12.61,0.46,446.93,500.0,41.01,4.0,1.26,0.05,8.94,PASSED,agri/actuator/zone_north_cotton/dosing_dispatch
RUN-9C5F3856,2026-08-22T16:15:00+00:00,zone_south_cotton,8.72,35.09,43.39,"UV=8.72 (t1/2=10.26h) -> Dosed 2.43% w/v lignin stabilizer. RH=43.39%, Temp=35.09C -> Dosed 0.091% v/v surfactant (gamma=41.84 mN/m). Dispatched 500.0mL batch over 4 channels.",40.0,12.15,0.45,447.4,500.0,41.84,4.0,1.22,0.04,8.95,PASSED,agri/actuator/zone_south_cotton/dosing_dispatch
RUN-4680B970,2026-08-22T16:30:00+00:00,zone_east_orchard,7.99,34.92,44.36,"UV=7.99 (t1/2=10.91h) -> Dosed 2.25% w/v lignin stabilizer. RH=44.36%, Temp=34.92C -> Dosed 0.090% v/v surfactant (gamma=42.08 mN/m). Dispatched 500.0mL batch over 4 channels.",40.0,11.24,0.45,448.31,500.0,42.08,4.0,1.12,0.04,8.97,PASSED,agri/actuator/zone_east_orchard/dosing_dispatch
RUN-14ADA412,2026-08-22T16:45:00+00:00,zone_west_cotton,7.76,34.29,44.2,"UV=7.76 (t1/2=11.48h) -> Dosed 2.19% w/v lignin stabilizer. RH=44.2%, Temp=34.29C -> Dosed 0.090% v/v surfactant (gamma=42.14 mN/m). Dispatched 500.0mL batch over 4 channels.",40.0,10.95,0.45,448.6,500.0,42.14,4.0,1.09,0.04,8.97,PASSED,agri/actuator/zone_west_cotton/dosing_dispatch
RUN-260E3A21,2026-08-22T17:00:00+00:00,zone_north_cotton,6.78,33.02,48.3,"UV=6.78 (t1/2=13.28h) -> Dosed 1.95% w/v lignin stabilizer. RH=48.3%, Temp=33.02C -> Dosed 0.086% v/v surfactant (gamma=43.22 mN/m). Dispatched 500.0mL batch over 4 channels.",40.0,9.73,0.43,449.84,500.0,43.22,4.0,0.97,0.04,9.0,PASSED,agri/actuator/zone_north_cotton/dosing_dispatch
RUN-E222EDE7,2026-08-22T17:15:00+00:00,zone_south_cotton,6.63,32.29,50.03,"UV=6.63 (t1/2=13.99h) -> Dosed 1.91% w/v lignin stabilizer. RH=50.03%, Temp=32.29C -> Dosed 0.085% v/v surfactant (gamma=43.71 mN/m). Dispatched 500.0mL batch over 4 channels.",40.0,9.54,0.43,450.03,500.0,43.71,4.0,0.95,0.04,9.0,PASSED,agri/actuator/zone_south_cotton/dosing_dispatch
RUN-9E4E848E,2026-08-22T17:30:00+00:00,zone_east_orchard,6.09,31.68,51.42,"UV=6.09 (t1/2=15.14h) -> Dosed 1.77% w/v lignin stabilizer. RH=51.42%, Temp=31.68C -> Dosed 0.084% v/v surfactant (gamma=44.1 mN/m). Dispatched 500.0mL batch over 4 channels.",40.0,8.86,0.42,450.72,500.0,44.1,4.0,0.89,0.04,9.01,PASSED,agri/actuator/zone_east_orchard/dosing_dispatch
RUN-CB784A6C,2026-08-22T17:45:00+00:00,zone_west_cotton,5.35,30.78,55.0,"UV=5.35 (t1/2=16.99h) -> Dosed 1.59% w/v lignin stabilizer. RH=55.0%, Temp=30.78C -> Dosed 0.081% v/v surfactant (gamma=45.0 mN/m). Dispatched 500.0mL batch over 4 channels.",40.0,7.94,0.41,451.65,500.0,45.0,4.0,0.79,0.04,9.03,PASSED,agri/actuator/zone_west_cotton/dosing_dispatch
RUN-A5EEC532,2026-08-22T18:00:00+00:00,zone_north_cotton,5.08,30.12,55.44,"UV=5.08 (t1/2=18.07h) -> Dosed 1.52% w/v lignin stabilizer. RH=55.44%, Temp=30.12C -> Dosed 0.081% v/v surfactant (gamma=45.19 mN/m). Dispatched 500.0mL batch over 4 channels.",40.0,7.6,0.4,452.0,500.0,45.19,4.0,0.76,0.04,9.04,PASSED,agri/actuator/zone_north_cotton/dosing_dispatch
RUN-E05B611A,2026-08-22T18:15:00+00:00,zone_south_cotton,4.17,29.06,59.89,"UV=4.17 (t1/2=20.97h) -> Dosed 1.29% w/v lignin stabilizer. RH=59.89%, Temp=29.06C -> Dosed 0.078% v/v surfactant (gamma=46.29 mN/m). Dispatched 500.0mL batch over 4 channels.",40.0,6.46,0.39,453.15,500.0,46.29,4.0,0.65,0.04,9.06,PASSED,agri/actuator/zone_south_cotton/dosing_dispatch
RUN-5BD5899D,2026-08-22T18:30:00+00:00,zone_east_orchard,3.79,28.73,60.66,"UV=3.79 (t1/2=22.23h) -> Dosed 1.20% w/v lignin stabilizer. RH=60.66%, Temp=28.73C -> Dosed 0.077% v/v surfactant (gamma=46.49 mN/m). Dispatched 500.0mL batch over 4 channels.",40.0,5.99,0.38,453.63,500.0,46.49,4.0,0.6,0.04,9.07,PASSED,agri/actuator/zone_east_orchard/dosing_dispatch
RUN-A6F6C858,2026-08-22T18:45:00+00:00,zone_west_cotton,3.16,28.1,64.03,"UV=3.16 (t1/2=24.69h) -> Dosed 1.04% w/v lignin stabilizer. RH=64.03%, Temp=28.1C -> Dosed 0.075% v/v surfactant (gamma=47.3 mN/m). Dispatched 500.0mL batch over 4 channels.",40.0,5.2,0.37,454.43,500.0,47.3,4.0,0.52,0.04,9.09,PASSED,agri/actuator/zone_west_cotton/dosing_dispatch
RUN-2F9C6A24,2026-08-22T19:00:00+00:00,zone_north_cotton,2.38,27.42,68.97,"UV=2.38 (t1/2=28.18h) -> Dosed 0.84% w/v lignin stabilizer. RH=68.97%, Temp=27.42C -> Dosed 0.071% v/v surfactant (gamma=48.44 mN/m). Dispatched 500.0mL batch over 4 channels.",40.0,4.22,0.36,455.42,500.0,48.44,4.0,0.42,0.04,9.11,PASSED,agri/actuator/zone_north_cotton/dosing_dispatch
RUN-57360AAB,2026-08-22T19:15:00+00:00,zone_south_cotton,2.61,26.31,69.34,"UV=2.61 (t1/2=29.17h) -> Dosed 0.90% w/v lignin stabilizer. RH=69.34%, Temp=26.31C -> Dosed 0.071% v/v surfactant (gamma=48.65 mN/m). Dispatched 500.0mL batch over 4 channels.",40.0,4.51,0.35,455.14,500.0,48.65,4.0,0.45,0.03,9.1,PASSED,agri/actuator/zone_south_cotton/dosing_dispatch
RUN-4A5E0450,2026-08-22T19:30:00+00:00,zone_east_orchard,1.54,24.83,71.62,"UV=1.54 (t1/2=36.54h) -> Dosed 0.64% w/v lignin stabilizer. RH=71.62%, Temp=24.83C -> Dosed 0.069% v/v surfactant (gamma=49.31 mN/m). Dispatched 500.0mL batch over 4 channels.",40.0,3.17,0.34,456.49,500.0,49.31,4.0,0.32,0.03,9.13,PASSED,agri/actuator/zone_east_orchard/dosing_dispatch
RUN-1151FF0F,2026-08-22T19:45:00+00:00,zone_west_cotton,1.04,24.83,74.85,"UV=1.04 (t1/2=39.31h) -> Dosed 0.51% w/v lignin stabilizer. RH=74.85%, Temp=24.83C -> Dosed 0.067% v/v surfactant (gamma=49.99 mN/m). Dispatched 500.0mL batch over 4 channels.",40.0,2.55,0.33,457.12,500.0,49.99,4.0,0.26,0.03,9.14,PASSED,agri/actuator/zone_west_cotton/dosing_dispatch
RUN-AED42C6F,2026-08-22T20:00:00+00:00,zone_north_cotton,0.22,24.79,78.48,"UV=0.22 (t1/2=44.99h) -> Dosed 0.30% w/v lignin stabilizer. RH=78.48%, Temp=24.79C -> Dosed 0.064% v/v surfactant (gamma=50.75 mN/m). Dispatched 500.0mL batch over 4 channels.",40.0,1.52,0.32,458.16,500.0,50.75,4.0,0.15,0.03,9.16,PASSED,agri/actuator/zone_north_cotton/dosing_dispatch
RUN-50B6639D,2026-08-22T20:15:00+00:00,zone_south_cotton,0.0,23.36,76.73,"UV=0.0 (t1/2=50.81h) -> Dosed 0.25% w/v lignin stabilizer. RH=76.73%, Temp=23.36C -> Dosed 0.065% v/v surfactant (gamma=50.55 mN/m). Dispatched 500.0mL batch over 4 channels.",40.0,1.25,0.33,458.42,500.0,50.55,4.0,0.12,0.03,9.17,PASSED,agri/actuator/zone_south_cotton/dosing_dispatch
RUN-DA2CC991,2026-08-22T20:30:00+00:00,zone_east_orchard,0.0,23.34,77.36,"UV=0.0 (t1/2=50.87h) -> Dosed 0.25% w/v lignin stabilizer. RH=77.36%, Temp=23.34C -> Dosed 0.065% v/v surfactant (gamma=50.68 mN/m). Dispatched 500.0mL batch over 4 channels.",40.0,1.25,0.32,458.43,500.0,50.68,4.0,0.12,0.03,9.17,PASSED,agri/actuator/zone_east_orchard/dosing_dispatch
RUN-2A12E56B,2026-08-22T20:45:00+00:00,zone_west_cotton,0.0,24.72,75.98,"UV=0.0 (t1/2=46.96h) -> Dosed 0.25% w/v lignin stabilizer. RH=75.98%, Temp=24.72C -> Dosed 0.066% v/v surfactant (gamma=50.24 mN/m). Dispatched 500.0mL batch over 4 channels.",40.0,1.25,0.33,458.42,500.0,50.24,4.0,0.12,0.03,9.17,PASSED,agri/actuator/zone_west_cotton/dosing_dispatch
RUN-585B7DE4,2026-08-22T21:00:00+00:00,zone_north_cotton,0.0,23.8,79.39,"UV=0.0 (t1/2=49.53h) -> Dosed 0.25% w/v lignin stabilizer. RH=79.39%, Temp=23.8C -> Dosed 0.064% v/v surfactant (gamma=51.05 mN/m). Dispatched 500.0mL batch over 4 channels.",40.0,1.25,0.32,458.43,500.0,51.05,4.0,0.12,0.03,9.17,PASSED,agri/actuator/zone_north_cotton/dosing_dispatch
RUN-CCC10A06,2026-08-22T21:15:00+00:00,zone_south_cotton,0.0,24.23,78.1,"UV=0.0 (t1/2=48.31h) -> Dosed 0.25% w/v lignin stabilizer. RH=78.1%, Temp=24.23C -> Dosed 0.065% v/v surfactant (gamma=50.74 mN/m). Dispatched 500.0mL batch over 4 channels.",40.0,1.25,0.32,458.43,500.0,50.74,4.0,0.12,0.03,9.17,PASSED,agri/actuator/zone_south_cotton/dosing_dispatch
RUN-D72063C7,2026-08-22T21:30:00+00:00,zone_east_orchard,0.0,24.03,79.92,"UV=0.0 (t1/2=48.87h) -> Dosed 0.25% w/v lignin stabilizer. RH=79.92%, Temp=24.03C -> Dosed 0.063% v/v surfactant (gamma=51.14 mN/m). Dispatched 500.0mL batch over 4 channels.",40.0,1.25,0.32,458.43,500.0,51.14,4.0,0.12,0.03,9.17,PASSED,agri/actuator/zone_east_orchard/dosing_dispatch
RUN-44B5617D,2026-08-22T21:45:00+00:00,zone_west_cotton,0.0,24.14,78.33,"UV=0.0 (t1/2=48.56h) -> Dosed 0.25% w/v lignin stabilizer. RH=78.33%, Temp=24.14C -> Dosed 0.064% v/v surfactant (gamma=50.8 mN/m). Dispatched 500.0mL batch over 4 channels.",40.0,1.25,0.32,458.43,500.0,50.8,4.0,0.12,0.03,9.17,PASSED,agri/actuator/zone_west_cotton/dosing_dispatch
RUN-013E98B7,2026-08-22T22:00:00+00:00,zone_north_cotton,0.0,24.3,77.0,"UV=0.0 (t1/2=48.11h) -> Dosed 0.25% w/v lignin stabilizer. RH=77.0%, Temp=24.3C -> Dosed 0.065% v/v surfactant (gamma=50.5 mN/m). Dispatched 500.0mL batch over 4 channels.",40.0,1.25,0.33,458.42,500.0,50.5,4.0,0.12,0.03,9.17,PASSED,agri/actuator/zone_north_cotton/dosing_dispatch
RUN-C59900C8,2026-08-22T22:15:00+00:00,zone_south_cotton,0.0,23.95,78.06,"UV=0.0 (t1/2=49.1h) -> Dosed 0.25% w/v lignin stabilizer. RH=78.06%, Temp=23.95C -> Dosed 0.064% v/v surfactant (gamma=50.76 mN/m). Dispatched 500.0mL batch over 4 channels.",40.0,1.25,0.32,458.43,500.0,50.76,4.0,0.12,0.03,9.17,PASSED,agri/actuator/zone_south_cotton/dosing_dispatch
RUN-2F161DBE,2026-08-22T22:30:00+00:00,zone_east_orchard,0.0,24.71,77.39,"UV=0.0 (t1/2=46.99h) -> Dosed 0.25% w/v lignin stabilizer. RH=77.39%, Temp=24.71C -> Dosed 0.065% v/v surfactant (gamma=50.53 mN/m). Dispatched 500.0mL batch over 4 channels.",40.0,1.25,0.33,458.42,500.0,50.53,4.0,0.12,0.03,9.17,PASSED,agri/actuator/zone_east_orchard/dosing_dispatch
RUN-B1A35B5C,2026-08-22T22:45:00+00:00,zone_west_cotton,0.11,23.37,79.33,"UV=0.11 (t1/2=49.79h) -> Dosed 0.28% w/v lignin stabilizer. RH=79.33%, Temp=23.37C -> Dosed 0.063% v/v surfactant (gamma=51.09 mN/m). Dispatched 500.0mL batch over 4 channels.",40.0,1.39,0.32,458.29,500.0,51.09,4.0,0.14,0.03,9.17,PASSED,agri/actuator/zone_west_cotton/dosing_dispatch
RUN-9D22E533,2026-08-22T23:00:00+00:00,zone_north_cotton,0.0,23.69,78.5,"UV=0.0 (t1/2=49.84h) -> Dosed 0.25% w/v lignin stabilizer. RH=78.5%, Temp=23.69C -> Dosed 0.064% v/v surfactant (gamma=50.88 mN/m). Dispatched 500.0mL batch over 4 channels.",40.0,1.25,0.32,458.43,500.0,50.88,4.0,0.12,0.03,9.17,PASSED,agri/actuator/zone_north_cotton/dosing_dispatch
RUN-AD48B284,2026-08-22T23:15:00+00:00,zone_south_cotton,0.12,24.26,75.71,"UV=0.12 (t1/2=47.2h) -> Dosed 0.28% w/v lignin stabilizer. RH=75.71%, Temp=24.26C -> Dosed 0.066% v/v surfactant (gamma=50.23 mN/m). Dispatched 500.0mL batch over 4 channels.",40.0,1.4,0.33,458.27,500.0,50.23,4.0,0.14,0.03,9.17,PASSED,agri/actuator/zone_south_cotton/dosing_dispatch
RUN-5C4A5F09,2026-08-22T23:30:00+00:00,zone_east_orchard,0.24,23.68,78.59,"UV=0.24 (t1/2=47.81h) -> Dosed 0.31% w/v lignin stabilizer. RH=78.59%, Temp=23.68C -> Dosed 0.064% v/v surfactant (gamma=50.9 mN/m). Dispatched 500.0mL batch over 4 channels.",40.0,1.55,0.32,458.13,500.0,50.9,4.0,0.15,0.03,9.16,PASSED,agri/actuator/zone_east_orchard/dosing_dispatch
RUN-87012625,2026-08-22T23:45:00+00:00,zone_west_cotton,0.09,24.18,77.15,"UV=0.09 (t1/2=47.67h) -> Dosed 0.27% w/v lignin stabilizer. RH=77.15%, Temp=24.18C -> Dosed 0.065% v/v surfactant (gamma=50.54 mN/m). Dispatched 500.0mL batch over 4 channels.",40.0,1.36,0.33,458.31,500.0,50.54,4.0,0.14,0.03,9.17,PASSED,agri/actuator/zone_west_cotton/dosing_dispatch
RUN-104C591C,2026-08-23T00:00:00+00:00,zone_north_cotton,0.01,24.32,77.19,"UV=0.01 (t1/2=47.97h) -> Dosed 0.25% w/v lignin stabilizer. RH=77.19%, Temp=24.32C -> Dosed 0.065% v/v surfactant (gamma=50.54 mN/m). Dispatched 500.0mL batch over 4 channels.",40.0,1.26,0.33,458.41,500.0,50.54,4.0,0.13,0.03,9.17,PASSED,agri/actuator/zone_north_cotton/dosing_dispatch
RUN-47BE9E5A,2026-08-23T00:15:00+00:00,zone_south_cotton,0.17,24.33,74.95,"UV=0.17 (t1/2=46.6h) -> Dosed 0.29% w/v lignin stabilizer. RH=74.95%, Temp=24.33C -> Dosed 0.066% v/v surfactant (gamma=50.07 mN/m). Dispatched 500.0mL batch over 4 channels.",40.0,1.46,0.33,458.21,500.0,50.07,4.0,0.15,0.03,9.16,PASSED,agri/actuator/zone_south_cotton/dosing_dispatch
RUN-52FB4687,2026-08-23T00:30:00+00:00,zone_east_orchard,0.48,24.19,75.56,"UV=0.48 (t1/2=44.57h) -> Dosed 0.37% w/v lignin stabilizer. RH=75.56%, Temp=24.19C -> Dosed 0.066% v/v surfactant (gamma=50.21 mN/m). Dispatched 500.0mL batch over 4 channels.",40.0,1.85,0.33,457.82,500.0,50.21,4.0,0.18,0.03,9.16,PASSED,agri/actuator/zone_east_orchard/dosing_dispatch
RUN-F4E44BD7,2026-08-23T00:45:00+00:00,zone_west_cotton,0.31,24.38,77.39,"UV=0.31 (t1/2=45.36h) -> Dosed 0.33% w/v lignin stabilizer. RH=77.39%, Temp=24.38C -> Dosed 0.065% v/v surfactant (gamma=50.57 mN/m). Dispatched 500.0mL batch over 4 channels.",40.0,1.64,0.32,458.04,500.0,50.57,4.0,0.16,0.03,9.16,PASSED,agri/actuator/zone_west_cotton/dosing_dispatch
RUN-1A021FFF,2026-08-23T01:00:00+00:00,zone_north_cotton,0.12,24.44,77.39,"UV=0.12 (t1/2=46.72h) -> Dosed 0.28% w/v lignin stabilizer. RH=77.39%, Temp=24.44C -> Dosed 0.065% v/v surfactant (gamma=50.56 mN/m). Dispatched 500.0mL batch over 4 channels.",40.0,1.4,0.33,458.27,500.0,50.56,4.0,0.14,0.03,9.17,PASSED,agri/actuator/zone_north_cotton/dosing_dispatch
RUN-AA1D6BF1,2026-08-23T01:15:00+00:00,zone_south_cotton,0.17,23.71,76.26,"UV=0.17 (t1/2=48.31h) -> Dosed 0.29% w/v lignin stabilizer. RH=76.26%, Temp=23.71C -> Dosed 0.065% v/v surfactant (gamma=50.41 mN/m). Dispatched 500.0mL batch over 4 channels.",40.0,1.46,0.33,458.21,500.0,50.41,4.0,0.15,0.03,9.16,PASSED,agri/actuator/zone_south_cotton/dosing_dispatch
RUN-5E288144,2026-08-23T01:30:00+00:00,zone_east_orchard,0.02,24.18,76.82,"UV=0.02 (t1/2=48.27h) -> Dosed 0.26% w/v lignin stabilizer. RH=76.82%, Temp=24.18C -> Dosed 0.065% v/v surfactant (gamma=50.47 mN/m). Dispatched 500.0mL batch over 4 channels.",40.0,1.28,0.33,458.39,500.0,50.47,4.0,0.13,0.03,9.17,PASSED,agri/actuator/zone_east_orchard/dosing_dispatch
RUN-D79987F0,2026-08-23T01:45:00+00:00,zone_west_cotton,0.75,23.72,76.84,"UV=0.75 (t1/2=43.84h) -> Dosed 0.44% w/v lignin stabilizer. RH=76.84%, Temp=23.72C -> Dosed 0.065% v/v surfactant (gamma=50.53 mN/m). Dispatched 500.0mL batch over 4 channels.",40.0,2.19,0.33,457.48,500.0,50.53,4.0,0.22,0.03,9.15,PASSED,agri/actuator/zone_west_cotton/dosing_dispatch
RUN-CC366B22,2026-08-23T02:00:00+00:00,zone_north_cotton,0.02,24.12,77.56,"UV=0.02 (t1/2=48.44h) -> Dosed 0.26% w/v lignin stabilizer. RH=77.56%, Temp=24.12C -> Dosed 0.065% v/v surfactant (gamma=50.64 mN/m). Dispatched 500.0mL batch over 4 channels.",40.0,1.28,0.32,458.4,500.0,50.64,4.0,0.13,0.03,9.17,PASSED,agri/actuator/zone_north_cotton/dosing_dispatch
RUN-169BDD6C,2026-08-23T02:15:00+00:00,zone_south_cotton,0.31,24.27,76.4,"UV=0.31 (t1/2=45.65h) -> Dosed 0.33% w/v lignin stabilizer. RH=76.4%, Temp=24.27C -> Dosed 0.066% v/v surfactant (gamma=50.38 mN/m). Dispatched 500.0mL batch over 4 channels.",40.0,1.64,0.33,458.03,500.0,50.38,4.0,0.16,0.03,9.16,PASSED,agri/actuator/zone_south_cotton/dosing_dispatch
RUN-CA8FF980,2026-08-23T02:30:00+00:00,zone_east_orchard,0.38,24.09,80.22,"UV=0.38 (t1/2=45.58h) -> Dosed 0.34% w/v lignin stabilizer. RH=80.22%, Temp=24.09C -> Dosed 0.063% v/v surfactant (gamma=51.2 mN/m). Dispatched 500.0mL batch over 4 channels.",40.0,1.72,0.32,457.96,500.0,51.2,4.0,0.17,0.03,9.16,PASSED,agri/actuator/zone_east_orchard/dosing_dispatch
RUN-9A60CC98,2026-08-23T02:45:00+00:00,zone_west_cotton,0.25,24.45,79.38,"UV=0.25 (t1/2=45.64h) -> Dosed 0.31% w/v lignin stabilizer. RH=79.38%, Temp=24.45C -> Dosed 0.064% v/v surfactant (gamma=50.98 mN/m). Dispatched 500.0mL batch over 4 channels.",40.0,1.56,0.32,458.12,500.0,50.98,4.0,0.16,0.03,9.16,PASSED,agri/actuator/zone_west_cotton/dosing_dispatch
RUN-6D00EE2B,2026-08-23T03:00:00+00:00,zone_north_cotton,0.0,23.59,77.41,"UV=0.0 (t1/2=50.13h) -> Dosed 0.25% w/v lignin stabilizer. RH=77.41%, Temp=23.59C -> Dosed 0.065% v/v surfactant (gamma=50.66 mN/m). Dispatched 500.0mL batch over 4 channels.",40.0,1.25,0.32,458.43,500.0,50.66,4.0,0.12,0.03,9.17,PASSED,agri/actuator/zone_north_cotton/dosing_dispatch
RUN-A0D4AF68,2026-08-23T03:15:00+00:00,zone_south_cotton,0.0,24.09,77.52,"UV=0.0 (t1/2=48.7h) -> Dosed 0.25% w/v lignin stabilizer. RH=77.52%, Temp=24.09C -> Dosed 0.065% v/v surfactant (gamma=50.63 mN/m). Dispatched 500.0mL batch over 4 channels.",40.0,1.25,0.32,458.43,500.0,50.63,4.0,0.12,0.03,9.17,PASSED,agri/actuator/zone_south_cotton/dosing_dispatch
RUN-02537675,2026-08-23T03:30:00+00:00,zone_east_orchard,0.0,23.4,79.44,"UV=0.0 (t1/2=50.69h) -> Dosed 0.25% w/v lignin stabilizer. RH=79.44%, Temp=23.4C -> Dosed 0.063% v/v surfactant (gamma=51.11 mN/m). Dispatched 500.0mL batch over 4 channels.",40.0,1.25,0.32,458.43,500.0,51.11,4.0,0.12,0.03,9.17,PASSED,agri/actuator/zone_east_orchard/dosing_dispatch
RUN-DCD5CF9C,2026-08-23T03:45:00+00:00,zone_west_cotton,0.0,23.28,80.61,"UV=0.0 (t1/2=51.04h) -> Dosed 0.25% w/v lignin stabilizer. RH=80.61%, Temp=23.28C -> Dosed 0.063% v/v surfactant (gamma=51.37 mN/m). Dispatched 500.0mL batch over 4 channels.",40.0,1.25,0.31,458.44,500.0,51.37,4.0,0.12,0.03,9.17,PASSED,agri/actuator/zone_west_cotton/dosing_dispatch
RUN-6A598F69,2026-08-23T04:00:00+00:00,zone_north_cotton,0.29,24.23,78.83,"UV=0.29 (t1/2=45.91h) -> Dosed 0.32% w/v lignin stabilizer. RH=78.83%, Temp=24.23C -> Dosed 0.064% v/v surfactant (gamma=50.89 mN/m). Dispatched 500.0mL batch over 4 channels.",40.0,1.61,0.32,458.07,500.0,50.89,4.0,0.16,0.03,9.16,PASSED,agri/actuator/zone_north_cotton/dosing_dispatch
RUN-8DD2E866,2026-08-23T04:15:00+00:00,zone_south_cotton,0.0,24.86,78.74,"UV=0.0 (t1/2=46.58h) -> Dosed 0.25% w/v lignin stabilizer. RH=78.74%, Temp=24.86C -> Dosed 0.064% v/v surfactant (gamma=50.8 mN/m). Dispatched 500.0mL batch over 4 channels.",40.0,1.25,0.32,458.43,500.0,50.8,4.0,0.12,0.03,9.17,PASSED,agri/actuator/zone_south_cotton/dosing_dispatch
RUN-4AE45F4F,2026-08-23T04:30:00+00:00,zone_east_orchard,0.21,24.08,77.22,"UV=0.21 (t1/2=46.95h) -> Dosed 0.30% w/v lignin stabilizer. RH=77.22%, Temp=24.08C -> Dosed 0.065% v/v surfactant (gamma=50.57 mN/m). Dispatched 500.0mL batch over 4 channels.",40.0,1.51,0.33,458.16,500.0,50.57,4.0,0.15,0.03,9.16,PASSED,agri/actuator/zone_east_orchard/dosing_dispatch
RUN-D38E0537,2026-08-23T04:45:00+00:00,zone_west_cotton,0.1,23.93,76.45,"UV=0.1 (t1/2=48.28h) -> Dosed 0.28% w/v lignin stabilizer. RH=76.45%, Temp=23.93C -> Dosed 0.065% v/v surfactant (gamma=50.43 mN/m). Dispatched 500.0mL batch over 4 channels.",40.0,1.38,0.33,458.29,500.0,50.43,4.0,0.14,0.03,9.17,PASSED,agri/actuator/zone_west_cotton/dosing_dispatch
RUN-CD82BB96,2026-08-23T05:00:00+00:00,zone_north_cotton,0.03,23.89,77.03,"UV=0.03 (t1/2=49.0h) -> Dosed 0.26% w/v lignin stabilizer. RH=77.03%, Temp=23.89C -> Dosed 0.065% v/v surfactant (gamma=50.55 mN/m). Dispatched 500.0mL batch over 4 channels.",40.0,1.29,0.33,458.38,500.0,50.55,4.0,0.13,0.03,9.17,PASSED,agri/actuator/zone_north_cotton/dosing_dispatch
RUN-79F5E6C8,2026-08-23T05:15:00+00:00,zone_south_cotton,0.0,23.75,80.85,"UV=0.0 (t1/2=49.67h) -> Dosed 0.25% w/v lignin stabilizer. RH=80.85%, Temp=23.75C -> Dosed 0.063% v/v surfactant (gamma=51.37 mN/m). Dispatched 500.0mL batch over 4 channels.",40.0,1.25,0.31,458.44,500.0,51.37,4.0,0.12,0.03,9.17,PASSED,agri/actuator/zone_south_cotton/dosing_dispatch
RUN-DED9F2D5,2026-08-23T05:30:00+00:00,zone_east_orchard,0.81,24.23,75.7,"UV=0.81 (t1/2=42.16h) -> Dosed 0.45% w/v lignin stabilizer. RH=75.7%, Temp=24.23C -> Dosed 0.066% v/v surfactant (gamma=50.23 mN/m). Dispatched 500.0mL batch over 4 channels.",40.0,2.26,0.33,457.41,500.0,50.23,4.0,0.23,0.03,9.15,PASSED,agri/actuator/zone_east_orchard/dosing_dispatch
RUN-1E2DCB9E,2026-08-23T05:45:00+00:00,zone_west_cotton,0.0,23.13,76.77,"UV=0.0 (t1/2=51.49h) -> Dosed 0.25% w/v lignin stabilizer. RH=76.77%, Temp=23.13C -> Dosed 0.065% v/v surfactant (gamma=50.58 mN/m). Dispatched 500.0mL batch over 4 channels.",40.0,1.25,0.32,458.43,500.0,50.58,4.0,0.12,0.03,9.17,PASSED,agri/actuator/zone_west_cotton/dosing_dispatch
RUN-14C15A31,2026-08-23T06:00:00+00:00,zone_north_cotton,0.08,24.64,78.97,"UV=0.08 (t1/2=46.51h) -> Dosed 0.27% w/v lignin stabilizer. RH=78.97%, Temp=24.64C -> Dosed 0.064% v/v surfactant (gamma=50.87 mN/m). Dispatched 500.0mL batch over 4 channels.",40.0,1.35,0.32,458.33,500.0,50.87,4.0,0.14,0.03,9.17,PASSED,agri/actuator/zone_north_cotton/dosing_dispatch
RUN-6A2B355D,2026-08-23T06:15:00+00:00,zone_south_cotton,1.34,24.95,75.56,"UV=1.34 (t1/2=37.34h) -> Dosed 0.58% w/v lignin stabilizer. RH=75.56%, Temp=24.95C -> Dosed 0.066% v/v surfactant (gamma=50.12 mN/m). Dispatched 500.0mL batch over 4 channels.",40.0,2.92,0.33,456.75,500.0,50.12,4.0,0.29,0.03,9.13,PASSED,agri/actuator/zone_south_cotton/dosing_dispatch
RUN-E90A6163,2026-08-23T06:30:00+00:00,zone_east_orchard,1.46,25.17,71.09,"UV=1.46 (t1/2=36.24h) -> Dosed 0.61% w/v lignin stabilizer. RH=71.09%, Temp=25.17C -> Dosed 0.069% v/v surfactant (gamma=49.16 mN/m). Dispatched 500.0mL batch over 4 channels.",40.0,3.08,0.35,456.57,500.0,49.16,4.0,0.31,0.03,9.13,PASSED,agri/actuator/zone_east_orchard/dosing_dispatch
RUN-4507309A,2026-08-23T06:45:00+00:00,zone_west_cotton,1.56,25.49,69.25,"UV=1.56 (t1/2=35.08h) -> Dosed 0.64% w/v lignin stabilizer. RH=69.25%, Temp=25.49C -> Dosed 0.070% v/v surfactant (gamma=48.73 mN/m). Dispatched 500.0mL batch over 4 channels.",40.0,3.2,0.35,456.45,500.0,48.73,4.0,0.32,0.03,9.13,PASSED,agri/actuator/zone_west_cotton/dosing_dispatch
RUN-4851F4E7,2026-08-23T07:00:00+00:00,zone_north_cotton,2.48,27.41,68.27,"UV=2.48 (t1/2=27.84h) -> Dosed 0.87% w/v lignin stabilizer. RH=68.27%, Temp=27.41C -> Dosed 0.072% v/v surfactant (gamma=48.29 mN/m). Dispatched 500.0mL batch over 4 channels.",40.0,4.35,0.36,455.29,500.0,48.29,4.0,0.43,0.04,9.11,PASSED,agri/actuator/zone_north_cotton/dosing_dispatch
RUN-2B74DEA9,2026-08-23T07:15:00+00:00,zone_south_cotton,2.55,27.68,63.41,"UV=2.55 (t1/2=27.19h) -> Dosed 0.89% w/v lignin stabilizer. RH=63.41%, Temp=27.68C -> Dosed 0.075% v/v surfactant (gamma=47.22 mN/m). Dispatched 500.0mL batch over 4 channels.",40.0,4.44,0.37,455.19,500.0,47.22,4.0,0.44,0.04,9.1,PASSED,agri/actuator/zone_south_cotton/dosing_dispatch
RUN-9FC816A4,2026-08-23T07:30:00+00:00,zone_east_orchard,3.96,28.49,61.34,"UV=3.96 (t1/2=22.12h) -> Dosed 1.24% w/v lignin stabilizer. RH=61.34%, Temp=28.49C -> Dosed 0.076% v/v surfactant (gamma=46.67 mN/m). Dispatched 500.0mL batch over 4 channels.",40.0,6.2,0.38,453.42,500.0,46.67,4.0,0.62,0.04,9.07,PASSED,agri/actuator/zone_east_orchard/dosing_dispatch
RUN-1EBF4FBA,2026-08-23T07:45:00+00:00,zone_west_cotton,4.42,29.49,58.85,"UV=4.42 (t1/2=19.96h) -> Dosed 1.35% w/v lignin stabilizer. RH=58.85%, Temp=29.49C -> Dosed 0.078% v/v surfactant (gamma=46.01 mN/m). Dispatched 500.0mL batch over 4 channels.",40.0,6.77,0.39,452.84,500.0,46.01,4.0,0.68,0.04,9.06,PASSED,agri/actuator/zone_west_cotton/dosing_dispatch
RUN-AC8F95AD,2026-08-23T08:00:00+00:00,zone_north_cotton,5.21,30.65,55.84,"UV=5.21 (t1/2=17.34h) -> Dosed 1.55% w/v lignin stabilizer. RH=55.84%, Temp=30.65C -> Dosed 0.081% v/v surfactant (gamma=45.2 mN/m). Dispatched 500.0mL batch over 4 channels.",40.0,7.76,0.4,451.84,500.0,45.2,4.0,0.78,0.04,9.04,PASSED,agri/actuator/zone_north_cotton/dosing_dispatch
RUN-B1ECE5CA,2026-08-23T08:15:00+00:00,zone_south_cotton,6.12,31.41,54.09,"UV=6.12 (t1/2=15.33h) -> Dosed 1.78% w/v lignin stabilizer. RH=54.09%, Temp=31.41C -> Dosed 0.082% v/v surfactant (gamma=44.72 mN/m). Dispatched 500.0mL batch over 4 channels.",40.0,8.9,0.41,450.69,500.0,44.72,4.0,0.89,0.04,9.01,PASSED,agri/actuator/zone_south_cotton/dosing_dispatch
RUN-87467984,2026-08-23T08:30:00+00:00,zone_east_orchard,6.42,32.51,52.53,"UV=6.42 (t1/2=14.07h) -> Dosed 1.85% w/v lignin stabilizer. RH=52.53%, Temp=32.51C -> Dosed 0.084% v/v surfactant (gamma=44.22 mN/m). Dispatched 500.0mL batch over 4 channels.",40.0,9.28,0.42,450.3,500.0,44.22,4.0,0.93,0.04,9.01,PASSED,agri/actuator/zone_east_orchard/dosing_dispatch
RUN-6936634B,2026-08-23T08:45:00+00:00,zone_west_cotton,7.04,32.7,51.15,"UV=7.04 (t1/2=13.24h) -> Dosed 2.01% w/v lignin stabilizer. RH=51.15%, Temp=32.7C -> Dosed 0.085% v/v surfactant (gamma=43.89 mN/m). Dispatched 500.0mL batch over 4 channels.",40.0,10.05,0.42,449.53,500.0,43.89,4.0,1.01,0.04,8.99,PASSED,agri/actuator/zone_west_cotton/dosing_dispatch
RUN-72A3E716,2026-08-23T09:00:00+00:00,zone_north_cotton,6.88,32.97,49.75,"UV=6.88 (t1/2=13.21h) -> Dosed 1.97% w/v lignin stabilizer. RH=49.75%, Temp=32.97C -> Dosed 0.086% v/v surfactant (gamma=43.55 mN/m). Dispatched 500.0mL batch over 4 channels.",40.0,9.85,0.43,449.72,500.0,43.55,4.0,0.98,0.04,8.99,PASSED,agri/actuator/zone_north_cotton/dosing_dispatch
RUN-FFF7988E,2026-08-23T09:15:00+00:00,zone_south_cotton,8.05,34.41,43.86,"UV=8.05 (t1/2=11.17h) -> Dosed 2.26% w/v lignin stabilizer. RH=43.86%, Temp=34.41C -> Dosed 0.090% v/v surfactant (gamma=42.04 mN/m). Dispatched 500.0mL batch over 4 channels.",40.0,11.31,0.45,448.24,500.0,42.04,4.0,1.13,0.04,8.96,PASSED,agri/actuator/zone_south_cotton/dosing_dispatch
RUN-9E0111D6,2026-08-23T09:30:00+00:00,zone_east_orchard,7.72,34.22,45.16,"UV=7.72 (t1/2=11.56h) -> Dosed 2.18% w/v lignin stabilizer. RH=45.16%, Temp=34.22C -> Dosed 0.089% v/v surfactant (gamma=42.36 mN/m). Dispatched 500.0mL batch over 4 channels.",40.0,10.9,0.45,448.65,500.0,42.36,4.0,1.09,0.04,8.97,PASSED,agri/actuator/zone_east_orchard/dosing_dispatch
RUN-A9737BEC,2026-08-23T09:45:00+00:00,zone_west_cotton,8.55,35.64,44.4,"UV=8.55 (t1/2=10.08h) -> Dosed 2.39% w/v lignin stabilizer. RH=44.4%, Temp=35.64C -> Dosed 0.090% v/v surfactant (gamma=41.98 mN/m). Dispatched 500.0mL batch over 4 channels.",40.0,11.94,0.45,447.61,500.0,41.98,4.0,1.19,0.04,8.95,PASSED,agri/actuator/zone_west_cotton/dosing_dispatch
RUN-98DFDBB5,2026-08-23T10:00:00+00:00,zone_north_cotton,9.35,35.89,39.61,"UV=9.35 (t1/2=9.41h) -> Dosed 2.59% w/v lignin stabilizer. RH=39.61%, Temp=35.89C -> Dosed 0.093% v/v surfactant (gamma=40.88 mN/m). Dispatched 500.0mL batch over 4 channels.",40.0,12.94,0.47,446.59,500.0,40.88,4.0,1.29,0.05,8.93,PASSED,agri/actuator/zone_north_cotton/dosing_dispatch
RUN-F0EA5AF6,2026-08-23T10:15:00+00:00,zone_south_cotton,9.59,35.11,40.29,"UV=9.59 (t1/2=9.66h) -> Dosed 2.65% w/v lignin stabilizer. RH=40.29%, Temp=35.11C -> Dosed 0.093% v/v surfactant (gamma=41.15 mN/m). Dispatched 500.0mL batch over 4 channels.",40.0,13.24,0.46,446.3,500.0,41.15,4.0,1.32,0.05,8.93,PASSED,agri/actuator/zone_south_cotton/dosing_dispatch
RUN-B105A1A6,2026-08-23T10:30:00+00:00,zone_east_orchard,10.58,36.32,37.54,"UV=10.58 (t1/2=8.5h) -> Dosed 2.90% w/v lignin stabilizer. RH=37.54%, Temp=36.32C -> Dosed 0.095% v/v surfactant (gamma=40.35 mN/m). Dispatched 500.0mL batch over 4 channels.",40.0,14.47,0.47,445.06,500.0,40.35,4.0,1.45,0.05,8.9,PASSED,agri/actuator/zone_east_orchard/dosing_dispatch
RUN-83EA1E36,2026-08-23T10:45:00+00:00,zone_west_cotton,9.62,37.19,37.71,"UV=9.62 (t1/2=8.63h) -> Dosed 2.65% w/v lignin stabilizer. RH=37.71%, Temp=37.19C -> Dosed 0.095% v/v surfactant (gamma=40.25 mN/m). Dispatched 500.0mL batch over 4 channels.",40.0,13.27,0.48,446.25,500.0,40.25,4.0,1.33,0.05,8.93,PASSED,agri/actuator/zone_west_cotton/dosing_dispatch
RUN-4C388D4F,2026-08-23T11:00:00+00:00,zone_north_cotton,10.23,37.71,34.72,"UV=10.23 (t1/2=8.07h) -> Dosed 2.81% w/v lignin stabilizer. RH=34.72%, Temp=37.71C -> Dosed 0.097% v/v surfactant (gamma=39.5 mN/m). Dispatched 500.0mL batch over 4 channels.",40.0,14.04,0.49,445.47,500.0,39.5,4.0,1.4,0.05,8.91,PASSED,agri/actuator/zone_north_cotton/dosing_dispatch
RUN-6C8F03C6,2026-08-23T11:15:00+00:00,zone_south_cotton,10.85,38.41,32.32,"UV=10.85 (t1/2=7.48h) -> Dosed 2.96% w/v lignin stabilizer. RH=32.32%, Temp=38.41C -> Dosed 0.099% v/v surfactant (gamma=38.85 mN/m). Dispatched 500.0mL batch over 4 channels.",40.0,14.81,0.5,444.69,500.0,38.85,4.0,1.48,0.05,8.89,PASSED,agri/actuator/zone_south_cotton/dosing_dispatch
RUN-776C1C71,2026-08-23T11:30:00+00:00,zone_east_orchard,11.72,38.05,31.97,"UV=11.72 (t1/2=7.24h) -> Dosed 3.00% w/v lignin stabilizer. RH=31.97%, Temp=38.05C -> Dosed 0.099% v/v surfactant (gamma=38.83 mN/m). Dispatched 500.0mL batch over 4 channels.",40.0,15.0,0.5,444.5,500.0,38.83,4.0,1.5,0.05,8.89,PASSED,agri/actuator/zone_east_orchard/dosing_dispatch
RUN-1466767D,2026-08-23T11:45:00+00:00,zone_west_cotton,11.03,38.72,32.88,"UV=11.03 (t1/2=7.28h) -> Dosed 3.00% w/v lignin stabilizer. RH=32.88%, Temp=38.72C -> Dosed 0.099% v/v surfactant (gamma=38.92 mN/m). Dispatched 500.0mL batch over 4 channels.",40.0,15.0,0.5,444.5,500.0,38.92,4.0,1.5,0.05,8.89,PASSED,agri/actuator/zone_west_cotton/dosing_dispatch
RUN-595B93AD,2026-08-23T12:00:00+00:00,zone_north_cotton,11.25,38.82,31.92,"UV=11.25 (t1/2=7.15h) -> Dosed 3.00% w/v lignin stabilizer. RH=31.92%, Temp=38.82C -> Dosed 0.100% v/v surfactant (gamma=38.69 mN/m). Dispatched 500.0mL batch over 4 channels.",40.0,15.0,0.5,444.5,500.0,38.69,4.0,1.5,0.05,8.89,PASSED,agri/actuator/zone_north_cotton/dosing_dispatch
RUN-E8A5D624,2026-08-23T12:15:00+00:00,zone_south_cotton,11.68,38.17,31.13,"UV=11.68 (t1/2=7.21h) -> Dosed 3.00% w/v lignin stabilizer. RH=31.13%, Temp=38.17C -> Dosed 0.100% v/v surfactant (gamma=38.62 mN/m). Dispatched 500.0mL batch over 4 channels.",40.0,15.0,0.5,444.5,500.0,38.62,4.0,1.5,0.05,8.89,PASSED,agri/actuator/zone_south_cotton/dosing_dispatch
RUN-4F7E3CA2,2026-08-23T12:30:00+00:00,zone_east_orchard,11.42,38.17,28.49,"UV=11.42 (t1/2=7.32h) -> Dosed 3.00% w/v lignin stabilizer. RH=28.49%, Temp=38.17C -> Dosed 0.102% v/v surfactant (gamma=38.03 mN/m). Dispatched 500.0mL batch over 4 channels.",40.0,15.0,0.51,444.49,500.0,38.03,4.0,1.5,0.05,8.89,PASSED,agri/actuator/zone_east_orchard/dosing_dispatch
RUN-6BD0803E,2026-08-23T12:45:00+00:00,zone_west_cotton,12.0,38.97,29.41,"UV=12.0 (t1/2=6.79h) -> Dosed 3.00% w/v lignin stabilizer. RH=29.41%, Temp=38.97C -> Dosed 0.101% v/v surfactant (gamma=38.1 mN/m). Dispatched 500.0mL batch over 4 channels.",40.0,15.0,0.51,444.49,500.0,38.1,4.0,1.5,0.05,8.89,PASSED,agri/actuator/zone_west_cotton/dosing_dispatch
RUN-C824572D,2026-08-23T13:00:00+00:00,zone_north_cotton,11.55,38.62,31.79,"UV=11.55 (t1/2=7.1h) -> Dosed 3.00% w/v lignin stabilizer. RH=31.79%, Temp=38.62C -> Dosed 0.100% v/v surfactant (gamma=38.69 mN/m). Dispatched 500.0mL batch over 4 channels.",40.0,15.0,0.5,444.5,500.0,38.69,4.0,1.5,0.05,8.89,PASSED,agri/actuator/zone_north_cotton/dosing_dispatch
RUN-1E2E1128,2026-08-23T13:15:00+00:00,zone_south_cotton,11.66,39.29,30.38,"UV=11.66 (t1/2=6.81h) -> Dosed 3.00% w/v lignin stabilizer. RH=30.38%, Temp=39.29C -> Dosed 0.101% v/v surfactant (gamma=38.27 mN/m). Dispatched 500.0mL batch over 4 channels.",40.0,15.0,0.5,444.5,500.0,38.27,4.0,1.5,0.05,8.89,PASSED,agri/actuator/zone_south_cotton/dosing_dispatch
RUN-B3876A10,2026-08-23T13:30:00+00:00,zone_east_orchard,12.07,39.09,30.68,"UV=12.07 (t1/2=6.72h) -> Dosed 3.00% w/v lignin stabilizer. RH=30.68%, Temp=39.09C -> Dosed 0.101% v/v surfactant (gamma=38.37 mN/m). Dispatched 500.0mL batch over 4 channels.",40.0,15.0,0.5,444.5,500.0,38.37,4.0,1.5,0.05,8.89,PASSED,agri/actuator/zone_east_orchard/dosing_dispatch
RUN-285CAC2F,2026-08-23T13:45:00+00:00,zone_west_cotton,11.31,39.07,30.16,"UV=11.31 (t1/2=7.03h) -> Dosed 3.00% w/v lignin stabilizer. RH=30.16%, Temp=39.07C -> Dosed 0.101% v/v surfactant (gamma=38.25 mN/m). Dispatched 500.0mL batch over 4 channels.",40.0,15.0,0.51,444.49,500.0,38.25,4.0,1.5,0.05,8.89,PASSED,agri/actuator/zone_west_cotton/dosing_dispatch
RUN-4616A8FD,2026-08-23T14:00:00+00:00,zone_north_cotton,10.95,38.52,30.27,"UV=10.95 (t1/2=7.39h) -> Dosed 2.99% w/v lignin stabilizer. RH=30.27%, Temp=38.52C -> Dosed 0.101% v/v surfactant (gamma=38.37 mN/m). Dispatched 500.0mL batch over 4 channels.",40.0,14.94,0.5,444.56,500.0,38.37,4.0,1.49,0.05,8.89,PASSED,agri/actuator/zone_north_cotton/dosing_dispatch
RUN-A6C8376E,2026-08-23T14:15:00+00:00,zone_south_cotton,11.62,38.72,33.37,"UV=11.62 (t1/2=7.03h) -> Dosed 3.00% w/v lignin stabilizer. RH=33.37%, Temp=38.72C -> Dosed 0.099% v/v surfactant (gamma=39.03 mN/m). Dispatched 500.0mL batch over 4 channels.",40.0,15.0,0.49,444.51,500.0,39.03,4.0,1.5,0.05,8.89,PASSED,agri/actuator/zone_south_cotton/dosing_dispatch
RUN-81180C43,2026-08-23T14:30:00+00:00,zone_east_orchard,10.95,38.31,32.11,"UV=10.95 (t1/2=7.48h) -> Dosed 2.99% w/v lignin stabilizer. RH=32.11%, Temp=38.31C -> Dosed 0.099% v/v surfactant (gamma=38.82 mN/m). Dispatched 500.0mL batch over 4 channels.",40.0,14.94,0.5,444.56,500.0,38.82,4.0,1.49,0.05,8.89,PASSED,agri/actuator/zone_east_orchard/dosing_dispatch
RUN-D5E5CC83,2026-08-23T14:45:00+00:00,zone_west_cotton,10.53,39.08,35.26,"UV=10.53 (t1/2=7.37h) -> Dosed 2.88% w/v lignin stabilizer. RH=35.26%, Temp=39.08C -> Dosed 0.098% v/v surfactant (gamma=39.4 mN/m). Dispatched 500.0mL batch over 4 channels.",40.0,14.41,0.49,445.1,500.0,39.4,4.0,1.44,0.05,8.9,PASSED,agri/actuator/zone_west_cotton/dosing_dispatch
RUN-7A443302,2026-08-23T15:00:00+00:00,zone_north_cotton,10.66,37.14,35.44,"UV=10.66 (t1/2=8.09h) -> Dosed 2.92% w/v lignin stabilizer. RH=35.44%, Temp=37.14C -> Dosed 0.097% v/v surfactant (gamma=39.75 mN/m). Dispatched 500.0mL batch over 4 channels.",40.0,14.57,0.48,444.95,500.0,39.75,4.0,1.46,0.05,8.9,PASSED,agri/actuator/zone_north_cotton/dosing_dispatch
RUN-1AEAEE68,2026-08-23T15:15:00+00:00,zone_south_cotton,10.09,37.5,36.36,"UV=10.09 (t1/2=8.23h) -> Dosed 2.77% w/v lignin stabilizer. RH=36.36%, Temp=37.5C -> Dosed 0.096% v/v surfactant (gamma=39.9 mN/m). Dispatched 500.0mL batch over 4 channels.",40.0,13.86,0.48,445.66,500.0,39.9,4.0,1.39,0.05,8.91,PASSED,agri/actuator/zone_south_cotton/dosing_dispatch
RUN-17AF8AF8,2026-08-23T15:30:00+00:00,zone_east_orchard,9.74,36.96,35.09,"UV=9.74 (t1/2=8.66h) -> Dosed 2.69% w/v lignin stabilizer. RH=35.09%, Temp=36.96C -> Dosed 0.097% v/v surfactant (gamma=39.7 mN/m). Dispatched 500.0mL batch over 4 channels.",40.0,13.42,0.48,446.1,500.0,39.7,4.0,1.34,0.05,8.92,PASSED,agri/actuator/zone_east_orchard/dosing_dispatch
RUN-8FCB9638,2026-08-23T15:45:00+00:00,zone_west_cotton,10.13,36.98,37.19,"UV=10.13 (t1/2=8.44h) -> Dosed 2.78% w/v lignin stabilizer. RH=37.19%, Temp=36.98C -> Dosed 0.095% v/v surfactant (gamma=40.17 mN/m). Dispatched 500.0mL batch over 4 channels.",40.0,13.91,0.48,445.61,500.0,40.17,4.0,1.39,0.05,8.91,PASSED,agri/actuator/zone_west_cotton/dosing_dispatch
RUN-9128904F,2026-08-23T16:00:00+00:00,zone_north_cotton,8.71,36.14,42.2,"UV=8.71 (t1/2=9.7h) -> Dosed 2.43% w/v lignin stabilizer. RH=42.2%, Temp=36.14C -> Dosed 0.092% v/v surfactant (gamma=41.42 mN/m). Dispatched 500.0mL batch over 4 channels.",40.0,12.14,0.46,447.4,500.0,41.42,4.0,1.21,0.05,8.95,PASSED,agri/actuator/zone_north_cotton/dosing_dispatch
RUN-E838BA50,2026-08-23T16:15:00+00:00,zone_south_cotton,8.85,35.94,42.86,"UV=8.85 (t1/2=9.71h) -> Dosed 2.46% w/v lignin stabilizer. RH=42.86%, Temp=35.94C -> Dosed 0.091% v/v surfactant (gamma=41.59 mN/m). Dispatched 500.0mL batch over 4 channels.",40.0,12.31,0.46,447.23,500.0,41.59,4.0,1.23,0.05,8.94,PASSED,agri/actuator/zone_south_cotton/dosing_dispatch
RUN-0972559B,2026-08-23T16:30:00+00:00,zone_east_orchard,7.77,34.37,45.0,"UV=7.77 (t1/2=11.43h) -> Dosed 2.19% w/v lignin stabilizer. RH=45.0%, Temp=34.37C -> Dosed 0.089% v/v surfactant (gamma=42.3 mN/m). Dispatched 500.0mL batch over 4 channels.",40.0,10.96,0.45,448.59,500.0,42.3,4.0,1.1,0.04,8.97,PASSED,agri/actuator/zone_east_orchard/dosing_dispatch
RUN-F51CC90F,2026-08-23T16:45:00+00:00,zone_west_cotton,7.73,34.33,43.97,"UV=7.73 (t1/2=11.49h) -> Dosed 2.18% w/v lignin stabilizer. RH=43.97%, Temp=34.33C -> Dosed 0.090% v/v surfactant (gamma=42.08 mN/m). Dispatched 500.0mL batch over 4 channels.",40.0,10.91,0.45,448.64,500.0,42.08,4.0,1.09,0.04,8.97,PASSED,agri/actuator/zone_west_cotton/dosing_dispatch
RUN-88D1D307,2026-08-23T17:00:00+00:00,zone_north_cotton,7.38,33.74,46.99,"UV=7.38 (t1/2=12.18h) -> Dosed 2.09% w/v lignin stabilizer. RH=46.99%, Temp=33.74C -> Dosed 0.088% v/v surfactant (gamma=42.83 mN/m). Dispatched 500.0mL batch over 4 channels.",40.0,10.47,0.44,449.09,500.0,42.83,4.0,1.05,0.04,8.98,PASSED,agri/actuator/zone_north_cotton/dosing_dispatch
RUN-9F51FD7C,2026-08-23T17:15:00+00:00,zone_south_cotton,6.88,32.94,49.02,"UV=6.88 (t1/2=13.23h) -> Dosed 1.97% w/v lignin stabilizer. RH=49.02%, Temp=32.94C -> Dosed 0.086% v/v surfactant (gamma=43.39 mN/m). Dispatched 500.0mL batch over 4 channels.",40.0,9.85,0.43,449.72,500.0,43.39,4.0,0.98,0.04,8.99,PASSED,agri/actuator/zone_south_cotton/dosing_dispatch
RUN-80C19D99,2026-08-23T17:30:00+00:00,zone_east_orchard,6.14,31.84,52.19,"UV=6.14 (t1/2=14.94h) -> Dosed 1.78% w/v lignin stabilizer. RH=52.19%, Temp=31.84C -> Dosed 0.084% v/v surfactant (gamma=44.24 mN/m). Dispatched 500.0mL batch over 4 channels.",40.0,8.92,0.42,450.66,500.0,44.24,4.0,0.89,0.04,9.01,PASSED,agri/actuator/zone_east_orchard/dosing_dispatch
RUN-061E26C8,2026-08-23T17:45:00+00:00,zone_west_cotton,5.9,31.26,54.96,"UV=5.9 (t1/2=15.75h) -> Dosed 1.73% w/v lignin stabilizer. RH=54.96%, Temp=31.26C -> Dosed 0.082% v/v surfactant (gamma=44.93 mN/m). Dispatched 500.0mL batch over 4 channels.",40.0,8.62,0.41,450.97,500.0,44.93,4.0,0.86,0.04,9.02,PASSED,agri/actuator/zone_west_cotton/dosing_dispatch
RUN-C6CEB588,2026-08-23T18:00:00+00:00,zone_north_cotton,4.64,30.58,56.6,"UV=4.64 (t1/2=18.38h) -> Dosed 1.41% w/v lignin stabilizer. RH=56.6%, Temp=30.58C -> Dosed 0.080% v/v surfactant (gamma=45.37 mN/m). Dispatched 500.0mL batch over 4 channels.",40.0,7.05,0.4,452.55,500.0,45.37,4.0,0.7,0.04,9.05,PASSED,agri/actuator/zone_north_cotton/dosing_dispatch
RUN-E0033F84,2026-08-23T18:15:00+00:00,zone_south_cotton,4.8,29.82,60.04,"UV=4.8 (t1/2=18.87h) -> Dosed 1.45% w/v lignin stabilizer. RH=60.04%, Temp=29.82C -> Dosed 0.078% v/v surfactant (gamma=46.22 mN/m). Dispatched 500.0mL batch over 4 channels.",40.0,7.25,0.39,452.36,500.0,46.22,4.0,0.72,0.04,9.05,PASSED,agri/actuator/zone_south_cotton/dosing_dispatch
RUN-02234048,2026-08-23T18:30:00+00:00,zone_east_orchard,3.38,29.36,61.53,"UV=3.38 (t1/2=22.44h) -> Dosed 1.09% w/v lignin stabilizer. RH=61.53%, Temp=29.36C -> Dosed 0.077% v/v surfactant (gamma=46.6 mN/m). Dispatched 500.0mL batch over 4 channels.",40.0,5.47,0.38,454.15,500.0,46.6,4.0,0.55,0.04,9.08,PASSED,agri/actuator/zone_east_orchard/dosing_dispatch
RUN-AF2179C5,2026-08-23T18:45:00+00:00,zone_west_cotton,3.85,27.88,64.96,"UV=3.85 (t1/2=23.17h) -> Dosed 1.21% w/v lignin stabilizer. RH=64.96%, Temp=27.88C -> Dosed 0.074% v/v surfactant (gamma=47.52 mN/m). Dispatched 500.0mL batch over 4 channels.",40.0,6.06,0.37,453.57,500.0,47.52,4.0,0.61,0.04,9.07,PASSED,agri/actuator/zone_west_cotton/dosing_dispatch
RUN-D7EAD481,2026-08-23T19:00:00+00:00,zone_north_cotton,2.23,27.14,68.6,"UV=2.23 (t1/2=29.18h) -> Dosed 0.81% w/v lignin stabilizer. RH=68.6%, Temp=27.14C -> Dosed 0.071% v/v surfactant (gamma=48.39 mN/m). Dispatched 500.0mL batch over 4 channels.",40.0,4.04,0.36,455.6,500.0,48.39,4.0,0.4,0.04,9.11,PASSED,agri/actuator/zone_north_cotton/dosing_dispatch
RUN-5587A77E,2026-08-23T19:15:00+00:00,zone_south_cotton,1.84,26.35,71.68,"UV=1.84 (t1/2=32.13h) -> Dosed 0.71% w/v lignin stabilizer. RH=71.68%, Temp=26.35C -> Dosed 0.069% v/v surfactant (gamma=49.14 mN/m). Dispatched 500.0mL batch over 4 channels.",40.0,3.55,0.35,456.1,500.0,49.14,4.0,0.35,0.03,9.12,PASSED,agri/actuator/zone_south_cotton/dosing_dispatch
RUN-F491B741,2026-08-23T19:30:00+00:00,zone_east_orchard,1.38,25.23,71.58,"UV=1.38 (t1/2=36.53h) -> Dosed 0.59% w/v lignin stabilizer. RH=71.58%, Temp=25.23C -> Dosed 0.069% v/v surfactant (gamma=49.25 mN/m). Dispatched 500.0mL batch over 4 channels.",40.0,2.97,0.34,456.69,500.0,49.25,4.0,0.3,0.03,9.13,PASSED,agri/actuator/zone_east_orchard/dosing_dispatch
RUN-5FF12E54,2026-08-23T19:45:00+00:00,zone_west_cotton,0.69,25.13,75.7,"UV=0.69 (t1/2=40.8h) -> Dosed 0.42% w/v lignin stabilizer. RH=75.7%, Temp=25.13C -> Dosed 0.066% v/v surfactant (gamma=50.13 mN/m). Dispatched 500.0mL batch over 4 channels.",40.0,2.11,0.33,457.56,500.0,50.13,4.0,0.21,0.03,9.15,PASSED,agri/actuator/zone_west_cotton/dosing_dispatch
RUN-C44B9E90,2026-08-23T20:00:00+00:00,zone_north_cotton,0.0,24.37,77.62,"UV=0.0 (t1/2=47.92h) -> Dosed 0.25% w/v lignin stabilizer. RH=77.62%, Temp=24.37C -> Dosed 0.065% v/v surfactant (gamma=50.62 mN/m). Dispatched 500.0mL batch over 4 channels.",40.0,1.25,0.32,458.43,500.0,50.62,4.0,0.12,0.03,9.17,PASSED,agri/actuator/zone_north_cotton/dosing_dispatch
RUN-C83B7729,2026-08-23T20:15:00+00:00,zone_south_cotton,0.0,23.66,79.1,"UV=0.0 (t1/2=49.93h) -> Dosed 0.25% w/v lignin stabilizer. RH=79.1%, Temp=23.66C -> Dosed 0.064% v/v surfactant (gamma=51.01 mN/m). Dispatched 500.0mL batch over 4 channels.",40.0,1.25,0.32,458.43,500.0,51.01,4.0,0.12,0.03,9.17,PASSED,agri/actuator/zone_south_cotton/dosing_dispatch
RUN-00681489,2026-08-23T20:30:00+00:00,zone_east_orchard,0.26,23.7,78.71,"UV=0.26 (t1/2=47.59h) -> Dosed 0.32% w/v lignin stabilizer. RH=78.71%, Temp=23.7C -> Dosed 0.064% v/v surfactant (gamma=50.92 mN/m). Dispatched 500.0mL batch over 4 channels.",40.0,1.57,0.32,458.11,500.0,50.92,4.0,0.16,0.03,9.16,PASSED,agri/actuator/zone_east_orchard/dosing_dispatch
RUN-11DCF034,2026-08-23T20:45:00+00:00,zone_west_cotton,0.15,24.07,79.29,"UV=0.15 (t1/2=47.47h) -> Dosed 0.29% w/v lignin stabilizer. RH=79.29%, Temp=24.07C -> Dosed 0.064% v/v surfactant (gamma=51.0 mN/m). Dispatched 500.0mL batch over 4 channels.",40.0,1.44,0.32,458.24,500.0,51.0,4.0,0.14,0.03,9.16,PASSED,agri/actuator/zone_west_cotton/dosing_dispatch
RUN-CBF58390,2026-08-23T21:00:00+00:00,zone_north_cotton,0.01,23.81,76.43,"UV=0.01 (t1/2=49.41h) -> Dosed 0.25% w/v lignin stabilizer. RH=76.43%, Temp=23.81C -> Dosed 0.065% v/v surfactant (gamma=50.43 mN/m). Dispatched 500.0mL batch over 4 channels.",40.0,1.26,0.33,458.41,500.0,50.43,4.0,0.13,0.03,9.17,PASSED,agri/actuator/zone_north_cotton/dosing_dispatch
RUN-1B5FF5B2,2026-08-23T21:15:00+00:00,zone_south_cotton,1.01,25.16,77.62,"UV=1.01 (t1/2=38.74h) -> Dosed 0.50% w/v lignin stabilizer. RH=77.62%, Temp=25.16C -> Dosed 0.065% v/v surfactant (gamma=50.53 mN/m). Dispatched 500.0mL batch over 4 channels.",40.0,2.51,0.33,457.16,500.0,50.53,4.0,0.25,0.03,9.14,PASSED,agri/actuator/zone_south_cotton/dosing_dispatch
RUN-7C502F18,2026-08-23T21:30:00+00:00,zone_east_orchard,0.17,23.76,77.44,"UV=0.17 (t1/2=48.17h) -> Dosed 0.29% w/v lignin stabilizer. RH=77.44%, Temp=23.76C -> Dosed 0.065% v/v surfactant (gamma=50.65 mN/m). Dispatched 500.0mL batch over 4 channels.",40.0,1.46,0.32,458.22,500.0,50.65,4.0,0.15,0.03,9.16,PASSED,agri/actuator/zone_east_orchard/dosing_dispatch
RUN-EF258027,2026-08-23T21:45:00+00:00,zone_west_cotton,0.16,24.14,78.69,"UV=0.16 (t1/2=47.2h) -> Dosed 0.29% w/v lignin stabilizer. RH=78.69%, Temp=24.14C -> Dosed 0.064% v/v surfactant (gamma=50.87 mN/m). Dispatched 500.0mL batch over 4 channels.",40.0,1.45,0.32,458.23,500.0,50.87,4.0,0.14,0.03,9.16,PASSED,agri/actuator/zone_west_cotton/dosing_dispatch
RUN-4AB59CE0,2026-08-23T22:00:00+00:00,zone_north_cotton,0.0,24.7,76.69,"UV=0.0 (t1/2=47.01h) -> Dosed 0.25% w/v lignin stabilizer. RH=76.69%, Temp=24.7C -> Dosed 0.066% v/v surfactant (gamma=50.39 mN/m). Dispatched 500.0mL batch over 4 channels.",40.0,1.25,0.33,458.42,500.0,50.39,4.0,0.12,0.03,9.17,PASSED,agri/actuator/zone_north_cotton/dosing_dispatch
RUN-C66E3C0C,2026-08-23T22:15:00+00:00,zone_south_cotton,0.51,24.4,78.14,"UV=0.51 (t1/2=43.81h) -> Dosed 0.38% w/v lignin stabilizer. RH=78.14%, Temp=24.4C -> Dosed 0.065% v/v surfactant (gamma=50.73 mN/m). Dispatched 500.0mL batch over 4 channels.",40.0,1.89,0.32,457.79,500.0,50.73,4.0,0.19,0.03,9.16,PASSED,agri/actuator/zone_south_cotton/dosing_dispatch
RUN-7E7E8A0E,2026-08-23T22:30:00+00:00,zone_east_orchard,0.0,23.28,78.54,"UV=0.0 (t1/2=51.04h) -> Dosed 0.25% w/v lignin stabilizer. RH=78.54%, Temp=23.28C -> Dosed 0.064% v/v surfactant (gamma=50.93 mN/m). Dispatched 500.0mL batch over 4 channels.",40.0,1.25,0.32,458.43,500.0,50.93,4.0,0.12,0.03,9.17,PASSED,agri/actuator/zone_east_orchard/dosing_dispatch
RUN-F3858EF5,2026-08-23T22:45:00+00:00,zone_west_cotton,0.0,23.76,77.7,"UV=0.0 (t1/2=49.64h) -> Dosed 0.25% w/v lignin stabilizer. RH=77.7%, Temp=23.76C -> Dosed 0.065% v/v surfactant (gamma=50.71 mN/m). Dispatched 500.0mL batch over 4 channels.",40.0,1.25,0.32,458.43,500.0,50.71,4.0,0.12,0.03,9.17,PASSED,agri/actuator/zone_west_cotton/dosing_dispatch
RUN-AA844C2E,2026-08-23T23:00:00+00:00,zone_north_cotton,0.0,24.89,76.95,"UV=0.0 (t1/2=46.5h) -> Dosed 0.25% w/v lignin stabilizer. RH=76.95%, Temp=24.89C -> Dosed 0.065% v/v surfactant (gamma=50.42 mN/m). Dispatched 500.0mL batch over 4 channels.",40.0,1.25,0.33,458.42,500.0,50.42,4.0,0.12,0.03,9.17,PASSED,agri/actuator/zone_north_cotton/dosing_dispatch
RUN-76E619CA,2026-08-23T23:15:00+00:00,zone_south_cotton,0.0,23.73,77.61,"UV=0.0 (t1/2=49.73h) -> Dosed 0.25% w/v lignin stabilizer. RH=77.61%, Temp=23.73C -> Dosed 0.065% v/v surfactant (gamma=50.69 mN/m). Dispatched 500.0mL batch over 4 channels.",40.0,1.25,0.32,458.43,500.0,50.69,4.0,0.12,0.03,9.17,PASSED,agri/actuator/zone_south_cotton/dosing_dispatch
RUN-B5E9E19E,2026-08-23T23:30:00+00:00,zone_east_orchard,0.0,23.37,77.38,"UV=0.0 (t1/2=50.78h) -> Dosed 0.25% w/v lignin stabilizer. RH=77.38%, Temp=23.37C -> Dosed 0.065% v/v surfactant (gamma=50.68 mN/m). Dispatched 500.0mL batch over 4 channels.",40.0,1.25,0.32,458.43,500.0,50.68,4.0,0.12,0.03,9.17,PASSED,agri/actuator/zone_east_orchard/dosing_dispatch
RUN-209E073A,2026-08-23T23:45:00+00:00,zone_west_cotton,0.24,24.03,76.7,"UV=0.24 (t1/2=46.85h) -> Dosed 0.31% w/v lignin stabilizer. RH=76.7%, Temp=24.03C -> Dosed 0.065% v/v surfactant (gamma=50.47 mN/m). Dispatched 500.0mL batch over 4 channels.",40.0,1.55,0.33,458.12,500.0,50.47,4.0,0.15,0.03,9.16,PASSED,agri/actuator/zone_west_cotton/dosing_dispatch
RUN-D8AB2225,2026-08-24T00:00:00+00:00,zone_north_cotton,0.03,23.73,79.04,"UV=0.03 (t1/2=49.46h) -> Dosed 0.26% w/v lignin stabilizer. RH=79.04%, Temp=23.73C -> Dosed 0.064% v/v surfactant (gamma=50.99 mN/m). Dispatched 500.0mL batch over 4 channels.",40.0,1.29,0.32,458.39,500.0,50.99,4.0,0.13,0.03,9.17,PASSED,agri/actuator/zone_north_cotton/dosing_dispatch
RUN-BFC3FE18,2026-08-24T00:15:00+00:00,zone_south_cotton,0.0,23.97,76.75,"UV=0.0 (t1/2=49.04h) -> Dosed 0.25% w/v lignin stabilizer. RH=76.75%, Temp=23.97C -> Dosed 0.065% v/v surfactant (gamma=50.48 mN/m). Dispatched 500.0mL batch over 4 channels.",40.0,1.25,0.33,458.42,500.0,50.48,4.0,0.12,0.03,9.17,PASSED,agri/actuator/zone_south_cotton/dosing_dispatch
RUN-5289CF49,2026-08-24T00:30:00+00:00,zone_east_orchard,0.14,23.57,78.59,"UV=0.14 (t1/2=48.96h) -> Dosed 0.29% w/v lignin stabilizer. RH=78.59%, Temp=23.57C -> Dosed 0.064% v/v surfactant (gamma=50.91 mN/m). Dispatched 500.0mL batch over 4 channels.",40.0,1.43,0.32,458.25,500.0,50.91,4.0,0.14,0.03,9.16,PASSED,agri/actuator/zone_east_orchard/dosing_dispatch
RUN-725D85A4,2026-08-24T00:45:00+00:00,zone_west_cotton,0.09,24.17,78.79,"UV=0.09 (t1/2=47.7h) -> Dosed 0.27% w/v lignin stabilizer. RH=78.79%, Temp=24.17C -> Dosed 0.064% v/v surfactant (gamma=50.89 mN/m). Dispatched 500.0mL batch over 4 channels.",40.0,1.36,0.32,458.32,500.0,50.89,4.0,0.14,0.03,9.17,PASSED,agri/actuator/zone_west_cotton/dosing_dispatch
RUN-0DCD600B,2026-08-24T01:00:00+00:00,zone_north_cotton,0.0,24.24,79.39,"UV=0.0 (t1/2=48.28h) -> Dosed 0.25% w/v lignin stabilizer. RH=79.39%, Temp=24.24C -> Dosed 0.064% v/v surfactant (gamma=51.01 mN/m). Dispatched 500.0mL batch over 4 channels.",40.0,1.25,0.32,458.43,500.0,51.01,4.0,0.12,0.03,9.17,PASSED,agri/actuator/zone_north_cotton/dosing_dispatch
RUN-8CB7A08B,2026-08-24T01:15:00+00:00,zone_south_cotton,0.62,23.69,76.76,"UV=0.62 (t1/2=44.84h) -> Dosed 0.41% w/v lignin stabilizer. RH=76.76%, Temp=23.69C -> Dosed 0.065% v/v surfactant (gamma=50.52 mN/m). Dispatched 500.0mL batch over 4 channels.",40.0,2.03,0.33,457.64,500.0,50.52,4.0,0.2,0.03,9.15,PASSED,agri/actuator/zone_south_cotton/dosing_dispatch
RUN-769E4FF1,2026-08-24T01:30:00+00:00,zone_east_orchard,0.2,24.27,77.54,"UV=0.2 (t1/2=46.52h) -> Dosed 0.30% w/v lignin stabilizer. RH=77.54%, Temp=24.27C -> Dosed 0.065% v/v surfactant (gamma=50.62 mN/m). Dispatched 500.0mL batch over 4 channels.",40.0,1.5,0.32,458.18,500.0,50.62,4.0,0.15,0.03,9.16,PASSED,agri/actuator/zone_east_orchard/dosing_dispatch
RUN-BE31B077,2026-08-24T01:45:00+00:00,zone_west_cotton,0.0,23.71,78.94,"UV=0.0 (t1/2=49.78h) -> Dosed 0.25% w/v lignin stabilizer. RH=78.94%, Temp=23.71C -> Dosed 0.064% v/v surfactant (gamma=50.97 mN/m). Dispatched 500.0mL batch over 4 channels.",40.0,1.25,0.32,458.43,500.0,50.97,4.0,0.12,0.03,9.17,PASSED,agri/actuator/zone_west_cotton/dosing_dispatch
RUN-37B6E022,2026-08-24T02:00:00+00:00,zone_north_cotton,0.0,24.42,76.99,"UV=0.0 (t1/2=47.78h) -> Dosed 0.25% w/v lignin stabilizer. RH=76.99%, Temp=24.42C -> Dosed 0.065% v/v surfactant (gamma=50.48 mN/m). Dispatched 500.0mL batch over 4 channels.",40.0,1.25,0.33,458.42,500.0,50.48,4.0,0.12,0.03,9.17,PASSED,agri/actuator/zone_north_cotton/dosing_dispatch
RUN-2CAF28B3,2026-08-24T02:15:00+00:00,zone_south_cotton,0.0,23.88,77.1,"UV=0.0 (t1/2=49.3h) -> Dosed 0.25% w/v lignin stabilizer. RH=77.1%, Temp=23.88C -> Dosed 0.065% v/v surfactant (gamma=50.57 mN/m). Dispatched 500.0mL batch over 4 channels.",40.0,1.25,0.33,458.42,500.0,50.57,4.0,0.12,0.03,9.17,PASSED,agri/actuator/zone_south_cotton/dosing_dispatch
RUN-A4306052,2026-08-24T02:30:00+00:00,zone_east_orchard,0.0,23.94,78.06,"UV=0.0 (t1/2=49.12h) -> Dosed 0.25% w/v lignin stabilizer. RH=78.06%, Temp=23.94C -> Dosed 0.064% v/v surfactant (gamma=50.76 mN/m). Dispatched 500.0mL batch over 4 channels.",40.0,1.25,0.32,458.43,500.0,50.76,4.0,0.12,0.03,9.17,PASSED,agri/actuator/zone_east_orchard/dosing_dispatch
RUN-53EB7BD9,2026-08-24T02:45:00+00:00,zone_west_cotton,0.18,24.49,78.93,"UV=0.18 (t1/2=46.09h) -> Dosed 0.29% w/v lignin stabilizer. RH=78.93%, Temp=24.49C -> Dosed 0.064% v/v surfactant (gamma=50.88 mN/m). Dispatched 500.0mL batch over 4 channels.",40.0,1.47,0.32,458.21,500.0,50.88,4.0,0.15,0.03,9.16,PASSED,agri/actuator/zone_west_cotton/dosing_dispatch
RUN-A4E5AAA8,2026-08-24T03:00:00+00:00,zone_north_cotton,0.0,24.54,77.89,ALERT: Surfactant concentration (0.300%) breaches safety ceiling (0.20%). Execution halted by Safety & Compliance Agent to protect crop foliage.,40.0,1.25,1.5,457.25,500.0,21.2,0.0,0.0,0.0,0.0,REJECTED_PHYTOTOXIC,agri/actuator/zone_north_cotton/dosing_dispatch
RUN-9480FC97,2026-08-24T03:15:00+00:00,zone_south_cotton,0.0,24.53,76.0,"UV=0.0 (t1/2=47.48h) -> Dosed 0.25% w/v lignin stabilizer. RH=76.0%, Temp=24.53C -> Dosed 0.066% v/v surfactant (gamma=50.26 mN/m). Dispatched 500.0mL batch over 4 channels.",40.0,1.25,0.33,458.42,500.0,50.26,4.0,0.12,0.03,9.17,PASSED,agri/actuator/zone_south_cotton/dosing_dispatch
RUN-5C27FC26,2026-08-24T03:30:00+00:00,zone_east_orchard,0.09,23.66,80.02,"UV=0.09 (t1/2=49.13h) -> Dosed 0.27% w/v lignin stabilizer. RH=80.02%, Temp=23.66C -> Dosed 0.063% v/v surfactant (gamma=51.2 mN/m). Dispatched 500.0mL batch over 4 channels.",40.0,1.36,0.32,458.32,500.0,51.2,4.0,0.14,0.03,9.17,PASSED,agri/actuator/zone_east_orchard/dosing_dispatch
RUN-F7F3C9EF,2026-08-24T03:45:00+00:00,zone_west_cotton,0.0,23.39,79.19,"UV=0.0 (t1/2=50.72h) -> Dosed 0.25% w/v lignin stabilizer. RH=79.19%, Temp=23.39C -> Dosed 0.064% v/v surfactant (gamma=51.06 mN/m). Dispatched 500.0mL batch over 4 channels.",40.0,1.25,0.32,458.43,500.0,51.06,4.0,0.12,0.03,9.17,PASSED,agri/actuator/zone_west_cotton/dosing_dispatch
RUN-118377FA,2026-08-24T04:00:00+00:00,zone_north_cotton,0.0,23.92,77.3,"UV=0.0 (t1/2=49.18h) -> Dosed 0.25% w/v lignin stabilizer. RH=77.3%, Temp=23.92C -> Dosed 0.065% v/v surfactant (gamma=50.6 mN/m). Dispatched 500.0mL batch over 4 channels.",40.0,1.25,0.32,458.43,500.0,50.6,4.0,0.12,0.03,9.17,PASSED,agri/actuator/zone_north_cotton/dosing_dispatch
RUN-21E7B368,2026-08-24T04:15:00+00:00,zone_south_cotton,0.43,24.6,77.05,"UV=0.43 (t1/2=43.89h) -> Dosed 0.36% w/v lignin stabilizer. RH=77.05%, Temp=24.6C -> Dosed 0.065% v/v surfactant (gamma=50.48 mN/m). Dispatched 500.0mL batch over 4 channels.",40.0,1.79,0.33,457.88,500.0,50.48,4.0,0.18,0.03,9.16,PASSED,agri/actuator/zone_south_cotton/dosing_dispatch
RUN-0E752068,2026-08-24T04:30:00+00:00,zone_east_orchard,0.23,24.05,75.89,"UV=0.23 (t1/2=46.87h) -> Dosed 0.31% w/v lignin stabilizer. RH=75.89%, Temp=24.05C -> Dosed 0.066% v/v surfactant (gamma=50.29 mN/m). Dispatched 500.0mL batch over 4 channels.",40.0,1.54,0.33,458.13,500.0,50.29,4.0,0.15,0.03,9.16,PASSED,agri/actuator/zone_east_orchard/dosing_dispatch
RUN-66F19E54,2026-08-24T04:45:00+00:00,zone_west_cotton,0.0,23.51,77.44,"UV=0.0 (t1/2=50.37h) -> Dosed 0.25% w/v lignin stabilizer. RH=77.44%, Temp=23.51C -> Dosed 0.065% v/v surfactant (gamma=50.68 mN/m). Dispatched 500.0mL batch over 4 channels.",40.0,1.25,0.32,458.43,500.0,50.68,4.0,0.12,0.03,9.17,PASSED,agri/actuator/zone_west_cotton/dosing_dispatch
RUN-0C1E4DE0,2026-08-24T05:00:00+00:00,zone_north_cotton,0.0,23.24,77.16,"UV=0.0 (t1/2=51.16h) -> Dosed 0.25% w/v lignin stabilizer. RH=77.16%, Temp=23.24C -> Dosed 0.065% v/v surfactant (gamma=50.65 mN/m). Dispatched 500.0mL batch over 4 channels.",40.0,1.25,0.32,458.43,500.0,50.65,4.0,0.12,0.03,9.17,PASSED,agri/actuator/zone_north_cotton/dosing_dispatch
RUN-338928B0,2026-08-24T05:15:00+00:00,zone_south_cotton,0.0,24.01,76.48,"UV=0.0 (t1/2=48.93h) -> Dosed 0.25% w/v lignin stabilizer. RH=76.48%, Temp=24.01C -> Dosed 0.065% v/v surfactant (gamma=50.42 mN/m). Dispatched 500.0mL batch over 4 channels.",40.0,1.25,0.33,458.42,500.0,50.42,4.0,0.12,0.03,9.17,PASSED,agri/actuator/zone_south_cotton/dosing_dispatch
RUN-57B15FEF,2026-08-24T05:30:00+00:00,zone_east_orchard,0.25,24.45,77.81,"UV=0.25 (t1/2=45.64h) -> Dosed 0.31% w/v lignin stabilizer. RH=77.81%, Temp=24.45C -> Dosed 0.065% v/v surfactant (gamma=50.65 mN/m). Dispatched 500.0mL batch over 4 channels.",40.0,1.56,0.32,458.12,500.0,50.65,4.0,0.16,0.03,9.16,PASSED,agri/actuator/zone_east_orchard/dosing_dispatch
RUN-83414492,2026-08-24T05:45:00+00:00,zone_west_cotton,0.28,23.75,77.96,"UV=0.28 (t1/2=47.29h) -> Dosed 0.32% w/v lignin stabilizer. RH=77.96%, Temp=23.75C -> Dosed 0.064% v/v surfactant (gamma=50.76 mN/m). Dispatched 500.0mL batch over 4 channels.",40.0,1.6,0.32,458.08,500.0,50.76,4.0,0.16,0.03,9.16,PASSED,agri/actuator/zone_west_cotton/dosing_dispatch
RUN-CFD48662,2026-08-24T06:00:00+00:00,zone_north_cotton,0.34,23.94,77.8,"UV=0.34 (t1/2=46.29h) -> Dosed 0.34% w/v lignin stabilizer. RH=77.8%, Temp=23.94C -> Dosed 0.065% v/v surfactant (gamma=50.71 mN/m). Dispatched 500.0mL batch over 4 channels.",40.0,1.68,0.32,458.0,500.0,50.71,4.0,0.17,0.03,9.16,PASSED,agri/actuator/zone_north_cotton/dosing_dispatch
RUN-F9A0A1AF,2026-08-24T06:15:00+00:00,zone_south_cotton,0.35,24.82,73.24,"UV=0.35 (t1/2=43.92h) -> Dosed 0.34% w/v lignin stabilizer. RH=73.24%, Temp=24.82C -> Dosed 0.068% v/v surfactant (gamma=49.65 mN/m). Dispatched 500.0mL batch over 4 channels.",40.0,1.69,0.34,457.97,500.0,49.65,4.0,0.17,0.03,9.16,PASSED,agri/actuator/zone_south_cotton/dosing_dispatch
RUN-54B58151,2026-08-24T06:30:00+00:00,zone_east_orchard,1.13,25.37,73.24,"UV=1.13 (t1/2=37.59h) -> Dosed 0.53% w/v lignin stabilizer. RH=73.24%, Temp=25.37C -> Dosed 0.068% v/v surfactant (gamma=49.59 mN/m). Dispatched 500.0mL batch over 4 channels.",40.0,2.66,0.34,457.0,500.0,49.59,4.0,0.27,0.03,9.14,PASSED,agri/actuator/zone_east_orchard/dosing_dispatch
RUN-809E9BA5,2026-08-24T06:45:00+00:00,zone_west_cotton,2.02,26.3,69.98,"UV=2.02 (t1/2=31.46h) -> Dosed 0.76% w/v lignin stabilizer. RH=69.98%, Temp=26.3C -> Dosed 0.070% v/v surfactant (gamma=48.79 mN/m). Dispatched 500.0mL batch over 4 channels.",40.0,3.78,0.35,455.87,500.0,48.79,4.0,0.38,0.03,9.12,PASSED,agri/actuator/zone_west_cotton/dosing_dispatch
RUN-BD3B6D87,2026-08-24T07:00:00+00:00,zone_north_cotton,2.54,27.92,69.91,"UV=2.54 (t1/2=26.85h) -> Dosed 0.89% w/v lignin stabilizer. RH=69.91%, Temp=27.92C -> Dosed 0.071% v/v surfactant (gamma=48.58 mN/m). Dispatched 500.0mL batch over 4 channels.",40.0,4.42,0.35,455.23,500.0,48.58,4.0,0.44,0.03,9.1,PASSED,agri/actuator/zone_north_cotton/dosing_dispatch
RUN-DD7FEE52,2026-08-24T07:15:00+00:00,zone_south_cotton,2.5,28.58,62.26,"UV=2.5 (t1/2=26.0h) -> Dosed 0.88% w/v lignin stabilizer. RH=62.26%, Temp=28.58C -> Dosed 0.076% v/v surfactant (gamma=46.86 mN/m). Dispatched 500.0mL batch over 4 channels.",40.0,4.38,0.38,455.24,500.0,46.86,4.0,0.44,0.04,9.1,PASSED,agri/actuator/zone_south_cotton/dosing_dispatch
RUN-E6A247C1,2026-08-24T07:30:00+00:00,zone_east_orchard,3.95,29.73,64.36,"UV=3.95 (t1/2=20.66h) -> Dosed 1.24% w/v lignin stabilizer. RH=64.36%, Temp=29.73C -> Dosed 0.075% v/v surfactant (gamma=47.16 mN/m). Dispatched 500.0mL batch over 4 channels.",40.0,6.19,0.37,453.44,500.0,47.16,4.0,0.62,0.04,9.07,PASSED,agri/actuator/zone_east_orchard/dosing_dispatch
RUN-21AC20CD,2026-08-24T07:45:00+00:00,zone_west_cotton,4.49,30.39,58.5,"UV=4.49 (t1/2=18.85h) -> Dosed 1.37% w/v lignin stabilizer. RH=58.5%, Temp=30.39C -> Dosed 0.079% v/v surfactant (gamma=45.81 mN/m). Dispatched 500.0mL batch over 4 channels.",40.0,6.86,0.39,452.75,500.0,45.81,4.0,0.69,0.04,9.05,PASSED,agri/actuator/zone_west_cotton/dosing_dispatch
RUN-7988506A,2026-08-24T08:00:00+00:00,zone_north_cotton,5.01,29.55,58.81,"UV=5.01 (t1/2=18.78h) -> Dosed 1.50% w/v lignin stabilizer. RH=58.81%, Temp=29.55C -> Dosed 0.078% v/v surfactant (gamma=45.99 mN/m). Dispatched 500.0mL batch over 4 channels.",40.0,7.51,0.39,452.1,500.0,45.99,4.0,0.75,0.04,9.04,PASSED,agri/actuator/zone_north_cotton/dosing_dispatch
RUN-AC2B5F15,2026-08-24T08:15:00+00:00,zone_south_cotton,5.58,30.89,54.56,"UV=5.58 (t1/2=16.54h) -> Dosed 1.65% w/v lignin stabilizer. RH=54.56%, Temp=30.89C -> Dosed 0.082% v/v surfactant (gamma=44.89 mN/m). Dispatched 500.0mL batch over 4 channels.",40.0,8.22,0.41,451.37,500.0,44.89,4.0,0.82,0.04,9.03,PASSED,agri/actuator/zone_south_cotton/dosing_dispatch
RUN-08FD8104,2026-08-24T08:30:00+00:00,zone_east_orchard,6.27,32.25,53.08,"UV=6.27 (t1/2=14.45h) -> Dosed 1.82% w/v lignin stabilizer. RH=53.08%, Temp=32.25C -> Dosed 0.083% v/v surfactant (gamma=44.38 mN/m). Dispatched 500.0mL batch over 4 channels.",40.0,9.09,0.42,450.49,500.0,44.38,4.0,0.91,0.04,9.01,PASSED,agri/actuator/zone_east_orchard/dosing_dispatch
RUN-C5BE0C6B,2026-08-24T08:45:00+00:00,zone_west_cotton,6.85,32.56,49.23,"UV=6.85 (t1/2=13.54h) -> Dosed 1.96% w/v lignin stabilizer. RH=49.23%, Temp=32.56C -> Dosed 0.086% v/v surfactant (gamma=43.49 mN/m). Dispatched 500.0mL batch over 4 channels.",40.0,9.81,0.43,449.76,500.0,43.49,4.0,0.98,0.04,9.0,PASSED,agri/actuator/zone_west_cotton/dosing_dispatch
RUN-FA321F66,2026-08-24T09:00:00+00:00,zone_north_cotton,7.1,33.23,47.7,"UV=7.1 (t1/2=12.8h) -> Dosed 2.02% w/v lignin stabilizer. RH=47.7%, Temp=33.23C -> Dosed 0.087% v/v surfactant (gamma=43.06 mN/m). Dispatched 500.0mL batch over 4 channels.",40.0,10.12,0.43,449.45,500.0,43.06,4.0,1.01,0.04,8.99,PASSED,agri/actuator/zone_north_cotton/dosing_dispatch
RUN-B2CF0CB8,2026-08-24T09:15:00+00:00,zone_south_cotton,7.88,34.47,46.81,"UV=7.88 (t1/2=11.27h) -> Dosed 2.22% w/v lignin stabilizer. RH=46.81%, Temp=34.47C -> Dosed 0.088% v/v surfactant (gamma=42.69 mN/m). Dispatched 500.0mL batch over 4 channels.",40.0,11.1,0.44,448.46,500.0,42.69,4.0,1.11,0.04,8.97,PASSED,agri/actuator/zone_south_cotton/dosing_dispatch
RUN-B1FF5397,2026-08-24T09:30:00+00:00,zone_east_orchard,7.93,34.78,43.27,"UV=7.93 (t1/2=11.04h) -> Dosed 2.23% w/v lignin stabilizer. RH=43.27%, Temp=34.78C -> Dosed 0.090% v/v surfactant (gamma=41.86 mN/m). Dispatched 500.0mL batch over 4 channels.",40.0,11.16,0.45,448.39,500.0,41.86,4.0,1.12,0.04,8.97,PASSED,agri/actuator/zone_east_orchard/dosing_dispatch
RUN-B54037DF,2026-08-24T09:45:00+00:00,zone_west_cotton,8.24,34.97,43.35,"UV=8.24 (t1/2=10.69h) -> Dosed 2.31% w/v lignin stabilizer. RH=43.35%, Temp=34.97C -> Dosed 0.091% v/v surfactant (gamma=41.85 mN/m). Dispatched 500.0mL batch over 4 channels.",40.0,11.55,0.45,448.0,500.0,41.85,4.0,1.16,0.04,8.96,PASSED,agri/actuator/zone_west_cotton/dosing_dispatch
RUN-5472809C,2026-08-24T10:00:00+00:00,zone_north_cotton,9.25,36.5,41.76,"UV=9.25 (t1/2=9.17h) -> Dosed 2.56% w/v lignin stabilizer. RH=41.76%, Temp=36.5C -> Dosed 0.092% v/v surfactant (gamma=41.26 mN/m). Dispatched 500.0mL batch over 4 channels.",40.0,12.81,0.46,446.73,500.0,41.26,4.0,1.28,0.05,8.93,PASSED,agri/actuator/zone_north_cotton/dosing_dispatch
RUN-3520CE6D,2026-08-24T10:15:00+00:00,zone_south_cotton,10.25,36.18,37.61,"UV=10.25 (t1/2=8.74h) -> Dosed 2.81% w/v lignin stabilizer. RH=37.61%, Temp=36.18C -> Dosed 0.095% v/v surfactant (gamma=40.39 mN/m). Dispatched 500.0mL batch over 4 channels.",40.0,14.06,0.47,445.47,500.0,40.39,4.0,1.41,0.05,8.91,PASSED,agri/actuator/zone_south_cotton/dosing_dispatch
RUN-40A0D4D8,2026-08-24T10:30:00+00:00,zone_east_orchard,10.12,37.08,37.87,"UV=10.12 (t1/2=8.4h) -> Dosed 2.78% w/v lignin stabilizer. RH=37.87%, Temp=37.08C -> Dosed 0.095% v/v surfactant (gamma=40.3 mN/m). Dispatched 500.0mL batch over 4 channels.",40.0,13.9,0.48,445.62,500.0,40.3,4.0,1.39,0.05,8.91,PASSED,agri/actuator/zone_east_orchard/dosing_dispatch
RUN-A4F5547C,2026-08-24T10:45:00+00:00,zone_west_cotton,9.93,37.02,36.97,"UV=9.93 (t1/2=8.53h) -> Dosed 2.73% w/v lignin stabilizer. RH=36.97%, Temp=37.02C -> Dosed 0.096% v/v surfactant (gamma=40.11 mN/m). Dispatched 500.0mL batch over 4 channels.",40.0,13.66,0.48,445.86,500.0,40.11,4.0,1.37,0.05,8.92,PASSED,agri/actuator/zone_west_cotton/dosing_dispatch
RUN-7DA73BB5,2026-08-24T11:00:00+00:00,zone_north_cotton,10.79,37.59,36.03,"UV=10.79 (t1/2=7.84h) -> Dosed 2.95% w/v lignin stabilizer. RH=36.03%, Temp=37.59C -> Dosed 0.096% v/v surfactant (gamma=39.81 mN/m). Dispatched 500.0mL batch over 4 channels.",40.0,14.74,0.48,444.78,500.0,39.81,4.0,1.47,0.05,8.9,PASSED,agri/actuator/zone_north_cotton/dosing_dispatch
RUN-E29A2B8C,2026-08-24T11:15:00+00:00,zone_south_cotton,10.37,38.01,33.73,"UV=10.37 (t1/2=7.87h) -> Dosed 2.84% w/v lignin stabilizer. RH=33.73%, Temp=38.01C -> Dosed 0.098% v/v surfactant (gamma=39.23 mN/m). Dispatched 500.0mL batch over 4 channels.",40.0,14.21,0.49,445.3,500.0,39.23,4.0,1.42,0.05,8.91,PASSED,agri/actuator/zone_south_cotton/dosing_dispatch
RUN-09EE7607,2026-08-24T11:30:00+00:00,zone_east_orchard,10.45,38.31,33.59,"UV=10.45 (t1/2=7.71h) -> Dosed 2.86% w/v lignin stabilizer. RH=33.59%, Temp=38.31C -> Dosed 0.098% v/v surfactant (gamma=39.15 mN/m). Dispatched 500.0mL batch over 4 channels.",40.0,14.31,0.49,445.2,500.0,39.15,4.0,1.43,0.05,8.9,PASSED,agri/actuator/zone_east_orchard/dosing_dispatch
RUN-A2BAB5E6,2026-08-24T11:45:00+00:00,zone_west_cotton,11.24,38.44,32.58,"UV=11.24 (t1/2=7.3h) -> Dosed 3.00% w/v lignin stabilizer. RH=32.58%, Temp=38.44C -> Dosed 0.099% v/v surfactant (gamma=38.9 mN/m). Dispatched 500.0mL batch over 4 channels.",40.0,15.0,0.5,444.5,500.0,38.9,4.0,1.5,0.05,8.89,PASSED,agri/actuator/zone_west_cotton/dosing_dispatch
RUN-7C49AAA0,2026-08-24T12:00:00+00:00,zone_north_cotton,11.39,38.21,30.77,"UV=11.39 (t1/2=7.32h) -> Dosed 3.00% w/v lignin stabilizer. RH=30.77%, Temp=38.21C -> Dosed 0.100% v/v surfactant (gamma=38.53 mN/m). Dispatched 500.0mL batch over 4 channels.",40.0,15.0,0.5,444.5,500.0,38.53,4.0,1.5,0.05,8.89,PASSED,agri/actuator/zone_north_cotton/dosing_dispatch
RUN-B5B98B51,2026-08-24T12:15:00+00:00,zone_south_cotton,11.56,39.2,29.95,"UV=11.56 (t1/2=6.88h) -> Dosed 3.00% w/v lignin stabilizer. RH=29.95%, Temp=39.2C -> Dosed 0.101% v/v surfactant (gamma=38.18 mN/m). Dispatched 500.0mL batch over 4 channels.",40.0,15.0,0.51,444.49,500.0,38.18,4.0,1.5,0.05,8.89,PASSED,agri/actuator/zone_south_cotton/dosing_dispatch
RUN-2774B43F,2026-08-24T12:30:00+00:00,zone_east_orchard,11.63,38.06,31.1,"UV=11.63 (t1/2=7.27h) -> Dosed 3.00% w/v lignin stabilizer. RH=31.1%, Temp=38.06C -> Dosed 0.100% v/v surfactant (gamma=38.63 mN/m). Dispatched 500.0mL batch over 4 channels.",40.0,15.0,0.5,444.5,500.0,38.63,4.0,1.5,0.05,8.89,PASSED,agri/actuator/zone_east_orchard/dosing_dispatch
RUN-85F424E9,2026-08-24T12:45:00+00:00,zone_west_cotton,11.69,38.82,27.76,"UV=11.69 (t1/2=6.97h) -> Dosed 3.00% w/v lignin stabilizer. RH=27.76%, Temp=38.82C -> Dosed 0.102% v/v surfactant (gamma=37.75 mN/m). Dispatched 500.0mL batch over 4 channels.",40.0,15.0,0.51,444.49,500.0,37.75,4.0,1.5,0.05,8.89,PASSED,agri/actuator/zone_west_cotton/dosing_dispatch
RUN-12639061,2026-08-24T13:00:00+00:00,zone_north_cotton,11.55,39.16,29.91,"UV=11.55 (t1/2=6.9h) -> Dosed 3.00% w/v lignin stabilizer. RH=29.91%, Temp=39.16C -> Dosed 0.101% v/v surfactant (gamma=38.18 mN/m). Dispatched 500.0mL batch over 4 channels.",40.0,15.0,0.51,444.49,500.0,38.18,4.0,1.5,0.05,8.89,PASSED,agri/actuator/zone_north_cotton/dosing_dispatch
RUN-2EA7C83F,2026-08-24T13:15:00+00:00,zone_south_cotton,11.43,39.04,29.46,"UV=11.43 (t1/2=6.99h) -> Dosed 3.00% w/v lignin stabilizer. RH=29.46%, Temp=39.04C -> Dosed 0.101% v/v surfactant (gamma=38.1 mN/m). Dispatched 500.0mL batch over 4 channels.",40.0,15.0,0.51,444.49,500.0,38.1,4.0,1.5,0.05,8.89,PASSED,agri/actuator/zone_south_cotton/dosing_dispatch
RUN-33568035,2026-08-24T13:30:00+00:00,zone_east_orchard,11.51,38.32,30.26,"UV=11.51 (t1/2=7.23h) -> Dosed 3.00% w/v lignin stabilizer. RH=30.26%, Temp=38.32C -> Dosed 0.101% v/v surfactant (gamma=38.4 mN/m). Dispatched 500.0mL batch over 4 channels.",40.0,15.0,0.5,444.5,500.0,38.4,4.0,1.5,0.05,8.89,PASSED,agri/actuator/zone_east_orchard/dosing_dispatch
RUN-B44469FD,2026-08-24T13:45:00+00:00,zone_west_cotton,10.91,38.92,32.05,"UV=10.91 (t1/2=7.26h) -> Dosed 2.98% w/v lignin stabilizer. RH=32.05%, Temp=38.92C -> Dosed 0.100% v/v surfactant (gamma=38.7 mN/m). Dispatched 500.0mL batch over 4 channels.",40.0,14.89,0.5,444.61,500.0,38.7,4.0,1.49,0.05,8.89,PASSED,agri/actuator/zone_west_cotton/dosing_dispatch
RUN-DC85161F,2026-08-24T14:00:00+00:00,zone_north_cotton,11.37,38.93,30.44,"UV=11.37 (t1/2=7.06h) -> Dosed 3.00% w/v lignin stabilizer. RH=30.44%, Temp=38.93C -> Dosed 0.101% v/v surfactant (gamma=38.34 mN/m). Dispatched 500.0mL batch over 4 channels.",40.0,15.0,0.5,444.5,500.0,38.34,4.0,1.5,0.05,8.89,PASSED,agri/actuator/zone_north_cotton/dosing_dispatch
RUN-0EEE1B0A,2026-08-24T14:15:00+00:00,zone_south_cotton,10.83,38.35,32.46,"UV=10.83 (t1/2=7.51h) -> Dosed 2.96% w/v lignin stabilizer. RH=32.46%, Temp=38.35C -> Dosed 0.099% v/v surfactant (gamma=38.89 mN/m). Dispatched 500.0mL batch over 4 channels.",40.0,14.79,0.5,444.71,500.0,38.89,4.0,1.48,0.05,8.89,PASSED,agri/actuator/zone_south_cotton/dosing_dispatch
RUN-E2BD6E05,2026-08-24T14:30:00+00:00,zone_east_orchard,10.34,38.48,33.49,"UV=10.34 (t1/2=7.69h) -> Dosed 2.83% w/v lignin stabilizer. RH=33.49%, Temp=38.48C -> Dosed 0.099% v/v surfactant (gamma=39.1 mN/m). Dispatched 500.0mL batch over 4 channels.",40.0,14.18,0.49,445.33,500.0,39.1,4.0,1.42,0.05,8.91,PASSED,agri/actuator/zone_east_orchard/dosing_dispatch
RUN-7D962502,2026-08-24T14:45:00+00:00,zone_west_cotton,10.84,38.33,33.82,"UV=10.84 (t1/2=7.52h) -> Dosed 2.96% w/v lignin stabilizer. RH=33.82%, Temp=38.33C -> Dosed 0.098% v/v surfactant (gamma=39.2 mN/m). Dispatched 500.0mL batch over 4 channels.",40.0,14.8,0.49,444.71,500.0,39.2,4.0,1.48,0.05,8.89,PASSED,agri/actuator/zone_west_cotton/dosing_dispatch
RUN-F7F0BB78,2026-08-24T15:00:00+00:00,zone_north_cotton,10.14,37.53,34.25,"UV=10.14 (t1/2=8.19h) -> Dosed 2.79% w/v lignin stabilizer. RH=34.25%, Temp=37.53C -> Dosed 0.098% v/v surfactant (gamma=39.42 mN/m). Dispatched 500.0mL batch over 4 channels.",40.0,13.93,0.49,445.58,500.0,39.42,4.0,1.39,0.05,8.91,PASSED,agri/actuator/zone_north_cotton/dosing_dispatch
RUN-972AAD8B,2026-08-24T15:15:00+00:00,zone_south_cotton,10.3,36.94,36.88,"UV=10.3 (t1/2=8.37h) -> Dosed 2.83% w/v lignin stabilizer. RH=36.88%, Temp=36.94C -> Dosed 0.096% v/v surfactant (gamma=40.11 mN/m). Dispatched 500.0mL batch over 4 channels.",40.0,14.12,0.48,445.4,500.0,40.11,4.0,1.41,0.05,8.91,PASSED,agri/actuator/zone_south_cotton/dosing_dispatch
RUN-AD303F60,2026-08-24T15:30:00+00:00,zone_east_orchard,10.11,36.42,37.13,"UV=10.11 (t1/2=8.71h) -> Dosed 2.78% w/v lignin stabilizer. RH=37.13%, Temp=36.42C -> Dosed 0.095% v/v surfactant (gamma=40.24 mN/m). Dispatched 500.0mL batch over 4 channels.",40.0,13.89,0.48,445.63,500.0,40.24,4.0,1.39,0.05,8.91,PASSED,agri/actuator/zone_east_orchard/dosing_dispatch
RUN-0AC61ADC,2026-08-24T15:45:00+00:00,zone_west_cotton,9.27,36.08,38.21,"UV=9.27 (t1/2=9.37h) -> Dosed 2.57% w/v lignin stabilizer. RH=38.21%, Temp=36.08C -> Dosed 0.094% v/v surfactant (gamma=40.54 mN/m). Dispatched 500.0mL batch over 4 channels.",40.0,12.84,0.47,446.69,500.0,40.54,4.0,1.28,0.05,8.93,PASSED,agri/actuator/zone_west_cotton/dosing_dispatch
RUN-9D1BF867,2026-08-24T16:00:00+00:00,zone_north_cotton,8.82,35.32,39.23,"UV=8.82 (t1/2=10.06h) -> Dosed 2.46% w/v lignin stabilizer. RH=39.23%, Temp=35.32C -> Dosed 0.093% v/v surfactant (gamma=40.88 mN/m). Dispatched 500.0mL batch over 4 channels.",40.0,12.28,0.47,447.25,500.0,40.88,4.0,1.23,0.05,8.95,PASSED,agri/actuator/zone_north_cotton/dosing_dispatch
RUN-BCC2B821,2026-08-24T16:15:00+00:00,zone_south_cotton,8.08,35.81,42.13,"UV=8.08 (t1/2=10.33h) -> Dosed 2.27% w/v lignin stabilizer. RH=42.13%, Temp=35.81C -> Dosed 0.092% v/v surfactant (gamma=41.45 mN/m). Dispatched 500.0mL batch over 4 channels.",40.0,11.35,0.46,448.19,500.0,41.45,4.0,1.14,0.05,8.96,PASSED,agri/actuator/zone_south_cotton/dosing_dispatch
RUN-06D7F322,2026-08-24T16:30:00+00:00,zone_east_orchard,8.26,34.6,43.49,"UV=8.26 (t1/2=10.88h) -> Dosed 2.31% w/v lignin stabilizer. RH=43.49%, Temp=34.6C -> Dosed 0.090% v/v surfactant (gamma=41.93 mN/m). Dispatched 500.0mL batch over 4 channels.",40.0,11.58,0.45,447.97,500.0,41.93,4.0,1.16,0.04,8.96,PASSED,agri/actuator/zone_east_orchard/dosing_dispatch
RUN-0406B31A,2026-08-24T16:45:00+00:00,zone_west_cotton,7.18,34.45,46.23,"UV=7.18 (t1/2=11.9h) -> Dosed 2.04% w/v lignin stabilizer. RH=46.23%, Temp=34.45C -> Dosed 0.088% v/v surfactant (gamma=42.56 mN/m). Dispatched 500.0mL batch over 4 channels.",40.0,10.22,0.44,449.34,500.0,42.56,4.0,1.02,0.04,8.99,PASSED,agri/actuator/zone_west_cotton/dosing_dispatch
RUN-F783D4F9,2026-08-24T17:00:00+00:00,zone_north_cotton,6.63,34.27,49.18,"UV=6.63 (t1/2=12.56h) -> Dosed 1.91% w/v lignin stabilizer. RH=49.18%, Temp=34.27C -> Dosed 0.086% v/v surfactant (gamma=43.24 mN/m). Dispatched 500.0mL batch over 4 channels.",40.0,9.54,0.43,450.03,500.0,43.24,4.0,0.95,0.04,9.0,PASSED,agri/actuator/zone_north_cotton/dosing_dispatch
RUN-A0E6C639,2026-08-24T17:15:00+00:00,zone_south_cotton,6.81,32.2,51.87,"UV=6.81 (t1/2=13.86h) -> Dosed 1.95% w/v lignin stabilizer. RH=51.87%, Temp=32.2C -> Dosed 0.084% v/v surfactant (gamma=44.12 mN/m). Dispatched 500.0mL batch over 4 channels.",40.0,9.76,0.42,449.82,500.0,44.12,4.0,0.98,0.04,9.0,PASSED,agri/actuator/zone_south_cotton/dosing_dispatch
RUN-6FE32787,2026-08-24T17:30:00+00:00,zone_east_orchard,6.13,31.67,53.44,"UV=6.13 (t1/2=15.1h) -> Dosed 1.78% w/v lignin stabilizer. RH=53.44%, Temp=31.67C -> Dosed 0.083% v/v surfactant (gamma=44.54 mN/m). Dispatched 500.0mL batch over 4 channels.",40.0,8.91,0.41,450.68,500.0,44.54,4.0,0.89,0.04,9.01,PASSED,agri/actuator/zone_east_orchard/dosing_dispatch
RUN-AA9501FD,2026-08-24T17:45:00+00:00,zone_west_cotton,5.29,31.13,54.99,"UV=5.29 (t1/2=16.76h) -> Dosed 1.57% w/v lignin stabilizer. RH=54.99%, Temp=31.13C -> Dosed 0.081% v/v surfactant (gamma=44.95 mN/m). Dispatched 500.0mL batch over 4 channels.",40.0,7.86,0.41,451.73,500.0,44.95,4.0,0.79,0.04,9.03,PASSED,agri/actuator/zone_west_cotton/dosing_dispatch
RUN-BBDB92B2,2026-08-24T18:00:00+00:00,zone_north_cotton,5.25,30.15,57.06,"UV=5.25 (t1/2=17.76h) -> Dosed 1.56% w/v lignin stabilizer. RH=57.06%, Temp=30.15C -> Dosed 0.080% v/v surfactant (gamma=45.53 mN/m). Dispatched 500.0mL batch over 4 channels.",40.0,7.81,0.4,451.79,500.0,45.53,4.0,0.78,0.04,9.04,PASSED,agri/actuator/zone_north_cotton/dosing_dispatch
RUN-C79EF1A3,2026-08-24T18:15:00+00:00,zone_south_cotton,4.52,29.53,60.7,"UV=4.52 (t1/2=19.71h) -> Dosed 1.38% w/v lignin stabilizer. RH=60.7%, Temp=29.53C -> Dosed 0.077% v/v surfactant (gamma=46.4 mN/m). Dispatched 500.0mL batch over 4 channels.",40.0,6.9,0.39,452.71,500.0,46.4,4.0,0.69,0.04,9.05,PASSED,agri/actuator/zone_south_cotton/dosing_dispatch
RUN-90C92A44,2026-08-24T18:30:00+00:00,zone_east_orchard,3.63,28.31,60.48,"UV=3.63 (t1/2=23.15h) -> Dosed 1.16% w/v lignin stabilizer. RH=60.48%, Temp=28.31C -> Dosed 0.077% v/v surfactant (gamma=46.51 mN/m). Dispatched 500.0mL batch over 4 channels.",40.0,5.79,0.38,453.83,500.0,46.51,4.0,0.58,0.04,9.08,PASSED,agri/actuator/zone_east_orchard/dosing_dispatch
RUN-5AA434AF,2026-08-24T18:45:00+00:00,zone_west_cotton,3.21,28.96,64.57,"UV=3.21 (t1/2=23.39h) -> Dosed 1.05% w/v lignin stabilizer. RH=64.57%, Temp=28.96C -> Dosed 0.075% v/v surfactant (gamma=47.3 mN/m). Dispatched 500.0mL batch over 4 channels.",40.0,5.26,0.37,454.37,500.0,47.3,4.0,0.53,0.04,9.09,PASSED,agri/actuator/zone_west_cotton/dosing_dispatch
RUN-B9FD8C0B,2026-08-24T19:00:00+00:00,zone_north_cotton,3.18,26.86,66.22,"UV=3.18 (t1/2=26.42h) -> Dosed 1.04% w/v lignin stabilizer. RH=66.22%, Temp=26.86C -> Dosed 0.073% v/v surfactant (gamma=47.92 mN/m). Dispatched 500.0mL batch over 4 channels.",40.0,5.22,0.36,454.42,500.0,47.92,4.0,0.52,0.04,9.09,PASSED,agri/actuator/zone_north_cotton/dosing_dispatch
RUN-7AAF3BEA,2026-08-24T19:15:00+00:00,zone_south_cotton,1.9,25.77,68.3,"UV=1.9 (t1/2=32.95h) -> Dosed 0.72% w/v lignin stabilizer. RH=68.3%, Temp=25.77C -> Dosed 0.071% v/v surfactant (gamma=48.49 mN/m). Dispatched 500.0mL batch over 4 channels.",40.0,3.62,0.36,456.02,500.0,48.49,4.0,0.36,0.04,9.12,PASSED,agri/actuator/zone_south_cotton/dosing_dispatch
RUN-8BF1A9F1,2026-08-24T19:30:00+00:00,zone_east_orchard,1.37,25.19,72.6,"UV=1.37 (t1/2=36.67h) -> Dosed 0.59% w/v lignin stabilizer. RH=72.6%, Temp=25.19C -> Dosed 0.068% v/v surfactant (gamma=49.47 mN/m). Dispatched 500.0mL batch over 4 channels.",40.0,2.96,0.34,456.7,500.0,49.47,4.0,0.3,0.03,9.13,PASSED,agri/actuator/zone_east_orchard/dosing_dispatch
RUN-DE7E3A4C,2026-08-24T19:45:00+00:00,zone_west_cotton,0.0,24.92,77.1,"UV=0.0 (t1/2=46.42h) -> Dosed 0.25% w/v lignin stabilizer. RH=77.1%, Temp=24.92C -> Dosed 0.065% v/v surfactant (gamma=50.45 mN/m). Dispatched 500.0mL batch over 4 channels.",40.0,1.25,0.33,458.42,500.0,50.45,4.0,0.12,0.03,9.17,PASSED,agri/actuator/zone_west_cotton/dosing_dispatch
RUN-E715CFAB,2026-08-24T20:00:00+00:00,zone_north_cotton,0.11,24.08,78.47,"UV=0.11 (t1/2=47.78h) -> Dosed 0.28% w/v lignin stabilizer. RH=78.47%, Temp=24.08C -> Dosed 0.064% v/v surfactant (gamma=50.83 mN/m). Dispatched 500.0mL batch over 4 channels.",40.0,1.39,0.32,458.29,500.0,50.83,4.0,0.14,0.03,9.17,PASSED,agri/actuator/zone_north_cotton/dosing_dispatch
RUN-0EA39253,2026-08-24T20:15:00+00:00,zone_south_cotton,0.0,24.19,77.03,"UV=0.0 (t1/2=48.42h) -> Dosed 0.25% w/v lignin stabilizer. RH=77.03%, Temp=24.19C -> Dosed 0.065% v/v surfactant (gamma=50.52 mN/m). Dispatched 500.0mL batch over 4 channels.",40.0,1.25,0.33,458.42,500.0,50.52,4.0,0.12,0.03,9.17,PASSED,agri/actuator/zone_south_cotton/dosing_dispatch
RUN-100B96A6,2026-08-24T20:30:00+00:00,zone_east_orchard,0.0,24.59,77.95,"UV=0.0 (t1/2=47.31h) -> Dosed 0.25% w/v lignin stabilizer. RH=77.95%, Temp=24.59C -> Dosed 0.065% v/v surfactant (gamma=50.67 mN/m). Dispatched 500.0mL batch over 4 channels.",40.0,1.25,0.32,458.43,500.0,50.67,4.0,0.12,0.03,9.17,PASSED,agri/actuator/zone_east_orchard/dosing_dispatch
RUN-DFC1F1FC,2026-08-24T20:45:00+00:00,zone_west_cotton,0.02,23.83,79.01,"UV=0.02 (t1/2=49.26h) -> Dosed 0.26% w/v lignin stabilizer. RH=79.01%, Temp=23.83C -> Dosed 0.064% v/v surfactant (gamma=50.97 mN/m). Dispatched 500.0mL batch over 4 channels.",40.0,1.28,0.32,458.4,500.0,50.97,4.0,0.13,0.03,9.17,PASSED,agri/actuator/zone_west_cotton/dosing_dispatch
RUN-1ED43C8A,2026-08-24T21:00:00+00:00,zone_north_cotton,0.0,24.64,76.32,"UV=0.0 (t1/2=47.18h) -> Dosed 0.25% w/v lignin stabilizer. RH=76.32%, Temp=24.64C -> Dosed 0.066% v/v surfactant (gamma=50.32 mN/m). Dispatched 500.0mL batch over 4 channels.",40.0,1.25,0.33,458.42,500.0,50.32,4.0,0.12,0.03,9.17,PASSED,agri/actuator/zone_north_cotton/dosing_dispatch
RUN-DC0241BC,2026-08-24T21:15:00+00:00,zone_south_cotton,0.38,24.07,80.15,"UV=0.38 (t1/2=45.64h) -> Dosed 0.34% w/v lignin stabilizer. RH=80.15%, Temp=24.07C -> Dosed 0.063% v/v surfactant (gamma=51.18 mN/m). Dispatched 500.0mL batch over 4 channels.",40.0,1.72,0.32,457.96,500.0,51.18,4.0,0.17,0.03,9.16,PASSED,agri/actuator/zone_south_cotton/dosing_dispatch
RUN-9EB36E02,2026-08-24T21:30:00+00:00,zone_east_orchard,0.0,24.12,79.18,"UV=0.0 (t1/2=48.62h) -> Dosed 0.25% w/v lignin stabilizer. RH=79.18%, Temp=24.12C -> Dosed 0.064% v/v surfactant (gamma=50.98 mN/m). Dispatched 500.0mL batch over 4 channels.",40.0,1.25,0.32,458.43,500.0,50.98,4.0,0.12,0.03,9.17,PASSED,agri/actuator/zone_east_orchard/dosing_dispatch
RUN-09F4A109,2026-08-24T21:45:00+00:00,zone_west_cotton,0.0,23.64,79.19,"UV=0.0 (t1/2=49.99h) -> Dosed 0.25% w/v lignin stabilizer. RH=79.19%, Temp=23.64C -> Dosed 0.064% v/v surfactant (gamma=51.03 mN/m). Dispatched 500.0mL batch over 4 channels.",40.0,1.25,0.32,458.43,500.0,51.03,4.0,0.12,0.03,9.17,PASSED,agri/actuator/zone_west_cotton/dosing_dispatch
RUN-1886616B,2026-08-24T22:00:00+00:00,zone_north_cotton,0.22,23.86,77.91,"UV=0.22 (t1/2=47.47h) -> Dosed 0.30% w/v lignin stabilizer. RH=77.91%, Temp=23.86C -> Dosed 0.065% v/v surfactant (gamma=50.74 mN/m). Dispatched 500.0mL batch over 4 channels.",40.0,1.52,0.32,458.16,500.0,50.74,4.0,0.15,0.03,9.16,PASSED,agri/actuator/zone_north_cotton/dosing_dispatch
RUN-C10918AC,2026-08-24T22:15:00+00:00,zone_south_cotton,0.52,23.74,77.54,"UV=0.52 (t1/2=45.44h) -> Dosed 0.38% w/v lignin stabilizer. RH=77.54%, Temp=23.74C -> Dosed 0.065% v/v surfactant (gamma=50.67 mN/m). Dispatched 500.0mL batch over 4 channels.",40.0,1.9,0.32,457.78,500.0,50.67,4.0,0.19,0.03,9.16,PASSED,agri/actuator/zone_south_cotton/dosing_dispatch
RUN-1C720D71,2026-08-24T22:30:00+00:00,zone_east_orchard,0.27,23.5,78.4,"UV=0.27 (t1/2=48.06h) -> Dosed 0.32% w/v lignin stabilizer. RH=78.4%, Temp=23.5C -> Dosed 0.064% v/v surfactant (gamma=50.88 mN/m). Dispatched 500.0mL batch over 4 channels.",40.0,1.59,0.32,458.09,500.0,50.88,4.0,0.16,0.03,9.16,PASSED,agri/actuator/zone_east_orchard/dosing_dispatch
RUN-311A7199,2026-08-24T22:45:00+00:00,zone_west_cotton,0.3,24.24,75.99,"UV=0.3 (t1/2=45.81h) -> Dosed 0.33% w/v lignin stabilizer. RH=75.99%, Temp=24.24C -> Dosed 0.066% v/v surfactant (gamma=50.29 mN/m). Dispatched 500.0mL batch over 4 channels.",40.0,1.63,0.33,458.04,500.0,50.29,4.0,0.16,0.03,9.16,PASSED,agri/actuator/zone_west_cotton/dosing_dispatch
RUN-CBFB7E62,2026-08-24T23:00:00+00:00,zone_north_cotton,0.0,24.06,77.59,"UV=0.0 (t1/2=48.78h) -> Dosed 0.25% w/v lignin stabilizer. RH=77.59%, Temp=24.06C -> Dosed 0.065% v/v surfactant (gamma=50.65 mN/m). Dispatched 500.0mL batch over 4 channels.",40.0,1.25,0.32,458.43,500.0,50.65,4.0,0.12,0.03,9.17,PASSED,agri/actuator/zone_north_cotton/dosing_dispatch
RUN-FADC6318,2026-08-24T23:15:00+00:00,zone_south_cotton,0.0,24.18,79.13,"UV=0.0 (t1/2=48.45h) -> Dosed 0.25% w/v lignin stabilizer. RH=79.13%, Temp=24.18C -> Dosed 0.064% v/v surfactant (gamma=50.96 mN/m). Dispatched 500.0mL batch over 4 channels.",40.0,1.25,0.32,458.43,500.0,50.96,4.0,0.12,0.03,9.17,PASSED,agri/actuator/zone_south_cotton/dosing_dispatch
RUN-2F80D4AA,2026-08-24T23:30:00+00:00,zone_east_orchard,0.06,23.55,78.54,"UV=0.06 (t1/2=49.71h) -> Dosed 0.27% w/v lignin stabilizer. RH=78.54%, Temp=23.55C -> Dosed 0.064% v/v surfactant (gamma=50.9 mN/m). Dispatched 500.0mL batch over 4 channels.",40.0,1.32,0.32,458.36,500.0,50.9,4.0,0.13,0.03,9.17,PASSED,agri/actuator/zone_east_orchard/dosing_dispatch
RUN-8DAEFE6B,2026-08-24T23:45:00+00:00,zone_west_cotton,0.34,24.68,78.35,"UV=0.34 (t1/2=44.35h) -> Dosed 0.34% w/v lignin stabilizer. RH=78.35%, Temp=24.68C -> Dosed 0.065% v/v surfactant (gamma=50.74 mN/m). Dispatched 500.0mL batch over 4 channels.",40.0,1.68,0.32,458.0,500.0,50.74,4.0,0.17,0.03,9.16,PASSED,agri/actuator/zone_west_cotton/dosing_dispatch
RUN-86348C21,2026-08-25T00:00:00+00:00,zone_north_cotton,0.28,24.06,74.43,"UV=0.28 (t1/2=46.44h) -> Dosed 0.32% w/v lignin stabilizer. RH=74.43%, Temp=24.06C -> Dosed 0.067% v/v surfactant (gamma=49.99 mN/m). Dispatched 500.0mL batch over 4 channels.",40.0,1.6,0.33,458.07,500.0,49.99,4.0,0.16,0.03,9.16,PASSED,agri/actuator/zone_north_cotton/dosing_dispatch
RUN-6A24E2E9,2026-08-25T00:15:00+00:00,zone_south_cotton,0.07,24.08,79.42,"UV=0.07 (t1/2=48.12h) -> Dosed 0.27% w/v lignin stabilizer. RH=79.42%, Temp=24.08C -> Dosed 0.064% v/v surfactant (gamma=51.03 mN/m). Dispatched 500.0mL batch over 4 channels.",40.0,1.34,0.32,458.34,500.0,51.03,4.0,0.13,0.03,9.17,PASSED,agri/actuator/zone_south_cotton/dosing_dispatch
RUN-23FA50D7,2026-08-25T00:30:00+00:00,zone_east_orchard,0.0,23.68,81.14,"UV=0.0 (t1/2=49.87h) -> Dosed 0.25% w/v lignin stabilizer. RH=81.14%, Temp=23.68C -> Dosed 0.062% v/v surfactant (gamma=51.43 mN/m). Dispatched 500.0mL batch over 4 channels.",40.0,1.25,0.31,458.44,500.0,51.43,4.0,0.12,0.03,9.17,PASSED,agri/actuator/zone_east_orchard/dosing_dispatch
RUN-8AFFC512,2026-08-25T00:45:00+00:00,zone_west_cotton,0.16,24.0,77.46,"UV=0.16 (t1/2=47.58h) -> Dosed 0.29% w/v lignin stabilizer. RH=77.46%, Temp=24.0C -> Dosed 0.065% v/v surfactant (gamma=50.63 mN/m). Dispatched 500.0mL batch over 4 channels.",40.0,1.45,0.32,458.23,500.0,50.63,4.0,0.14,0.03,9.16,PASSED,agri/actuator/zone_west_cotton/dosing_dispatch
RUN-DF9DEDA0,2026-08-25T01:00:00+00:00,zone_north_cotton,0.26,23.48,78.14,"UV=0.26 (t1/2=48.2h) -> Dosed 0.32% w/v lignin stabilizer. RH=78.14%, Temp=23.48C -> Dosed 0.064% v/v surfactant (gamma=50.83 mN/m). Dispatched 500.0mL batch over 4 channels.",40.0,1.57,0.32,458.11,500.0,50.83,4.0,0.16,0.03,9.16,PASSED,agri/actuator/zone_north_cotton/dosing_dispatch
RUN-DCC0A863,2026-08-25T01:15:00+00:00,zone_south_cotton,0.0,24.09,77.77,"UV=0.0 (t1/2=48.7h) -> Dosed 0.25% w/v lignin stabilizer. RH=77.77%, Temp=24.09C -> Dosed 0.065% v/v surfactant (gamma=50.68 mN/m). Dispatched 500.0mL batch over 4 channels.",40.0,1.25,0.32,458.43,500.0,50.68,4.0,0.12,0.03,9.17,PASSED,agri/actuator/zone_south_cotton/dosing_dispatch
RUN-5C440DA5,2026-08-25T01:30:00+00:00,zone_east_orchard,0.5,23.99,77.91,"UV=0.5 (t1/2=44.94h) -> Dosed 0.38% w/v lignin stabilizer. RH=77.91%, Temp=23.99C -> Dosed 0.065% v/v surfactant (gamma=50.72 mN/m). Dispatched 500.0mL batch over 4 channels.",40.0,1.88,0.32,457.8,500.0,50.72,4.0,0.19,0.03,9.16,PASSED,agri/actuator/zone_east_orchard/dosing_dispatch
RUN-84A913AB,2026-08-25T01:45:00+00:00,zone_west_cotton,0.0,23.81,76.98,"UV=0.0 (t1/2=49.5h) -> Dosed 0.25% w/v lignin stabilizer. RH=76.98%, Temp=23.81C -> Dosed 0.065% v/v surfactant (gamma=50.55 mN/m). Dispatched 500.0mL batch over 4 channels.",40.0,1.25,0.33,458.42,500.0,50.55,4.0,0.12,0.03,9.17,PASSED,agri/actuator/zone_west_cotton/dosing_dispatch
RUN-150E5309,2026-08-25T02:00:00+00:00,zone_north_cotton,0.0,24.1,76.92,"UV=0.0 (t1/2=48.67h) -> Dosed 0.25% w/v lignin stabilizer. RH=76.92%, Temp=24.1C -> Dosed 0.065% v/v surfactant (gamma=50.5 mN/m). Dispatched 500.0mL batch over 4 channels.",40.0,1.25,0.33,458.42,500.0,50.5,4.0,0.12,0.03,9.17,PASSED,agri/actuator/zone_north_cotton/dosing_dispatch
RUN-D6217F8B,2026-08-25T02:15:00+00:00,zone_south_cotton,0.51,23.89,77.87,"UV=0.51 (t1/2=45.12h) -> Dosed 0.38% w/v lignin stabilizer. RH=77.87%, Temp=23.89C -> Dosed 0.065% v/v surfactant (gamma=50.73 mN/m). Dispatched 500.0mL batch over 4 channels.",40.0,1.89,0.32,457.79,500.0,50.73,4.0,0.19,0.03,9.16,PASSED,agri/actuator/zone_south_cotton/dosing_dispatch
RUN-A5B9EE4A,2026-08-25T02:30:00+00:00,zone_east_orchard,0.0,23.73,77.72,"UV=0.0 (t1/2=49.73h) -> Dosed 0.25% w/v lignin stabilizer. RH=77.72%, Temp=23.73C -> Dosed 0.065% v/v surfactant (gamma=50.71 mN/m). Dispatched 500.0mL batch over 4 channels.",40.0,1.25,0.32,458.43,500.0,50.71,4.0,0.12,0.03,9.17,PASSED,agri/actuator/zone_east_orchard/dosing_dispatch
RUN-61C10AB8,2026-08-25T02:45:00+00:00,zone_west_cotton,0.0,24.49,76.72,"UV=0.0 (t1/2=47.59h) -> Dosed 0.25% w/v lignin stabilizer. RH=76.72%, Temp=24.49C -> Dosed 0.065% v/v surfactant (gamma=50.42 mN/m). Dispatched 500.0mL batch over 4 channels.",40.0,1.25,0.33,458.42,500.0,50.42,4.0,0.12,0.03,9.17,PASSED,agri/actuator/zone_west_cotton/dosing_dispatch
RUN-7E036E48,2026-08-25T03:00:00+00:00,zone_north_cotton,0.0,24.31,77.76,"UV=0.0 (t1/2=48.08h) -> Dosed 0.25% w/v lignin stabilizer. RH=77.76%, Temp=24.31C -> Dosed 0.065% v/v surfactant (gamma=50.66 mN/m). Dispatched 500.0mL batch over 4 channels.",40.0,1.25,0.32,458.43,500.0,50.66,4.0,0.12,0.03,9.17,PASSED,agri/actuator/zone_north_cotton/dosing_dispatch
RUN-85E747AE,2026-08-25T03:15:00+00:00,zone_south_cotton,0.54,24.01,77.14,"UV=0.54 (t1/2=44.59h) -> Dosed 0.39% w/v lignin stabilizer. RH=77.14%, Temp=24.01C -> Dosed 0.065% v/v surfactant (gamma=50.56 mN/m). Dispatched 500.0mL batch over 4 channels.",40.0,1.93,0.33,457.74,500.0,50.56,4.0,0.19,0.03,9.15,PASSED,agri/actuator/zone_south_cotton/dosing_dispatch
RUN-2D87B508,2026-08-25T03:30:00+00:00,zone_east_orchard,0.0,23.75,77.74,"UV=0.0 (t1/2=49.67h) -> Dosed 0.25% w/v lignin stabilizer. RH=77.74%, Temp=23.75C -> Dosed 0.065% v/v surfactant (gamma=50.72 mN/m). Dispatched 500.0mL batch over 4 channels.",40.0,1.25,0.32,458.43,500.0,50.72,4.0,0.12,0.03,9.17,PASSED,agri/actuator/zone_east_orchard/dosing_dispatch
RUN-1BF054F9,2026-08-25T03:45:00+00:00,zone_west_cotton,0.25,24.34,76.48,"UV=0.25 (t1/2=45.93h) -> Dosed 0.31% w/v lignin stabilizer. RH=76.48%, Temp=24.34C -> Dosed 0.066% v/v surfactant (gamma=50.38 mN/m). Dispatched 500.0mL batch over 4 channels.",40.0,1.56,0.33,458.11,500.0,50.38,4.0,0.16,0.03,9.16,PASSED,agri/actuator/zone_west_cotton/dosing_dispatch
RUN-6BAE25FB,2026-08-25T04:00:00+00:00,zone_north_cotton,0.03,23.78,79.0,"UV=0.03 (t1/2=49.32h) -> Dosed 0.26% w/v lignin stabilizer. RH=79.0%, Temp=23.78C -> Dosed 0.064% v/v surfactant (gamma=50.98 mN/m). Dispatched 500.0mL batch over 4 channels.",40.0,1.29,0.32,458.39,500.0,50.98,4.0,0.13,0.03,9.17,PASSED,agri/actuator/zone_north_cotton/dosing_dispatch
RUN-1D9C8EAF,2026-08-25T04:15:00+00:00,zone_south_cotton,0.0,24.17,79.8,"UV=0.0 (t1/2=48.48h) -> Dosed 0.25% w/v lignin stabilizer. RH=79.8%, Temp=24.17C -> Dosed 0.063% v/v surfactant (gamma=51.1 mN/m). Dispatched 500.0mL batch over 4 channels.",40.0,1.25,0.32,458.43,500.0,51.1,4.0,0.12,0.03,9.17,PASSED,agri/actuator/zone_south_cotton/dosing_dispatch
RUN-09526FFE,2026-08-25T04:30:00+00:00,zone_east_orchard,0.0,23.93,76.15,"UV=0.0 (t1/2=49.15h) -> Dosed 0.25% w/v lignin stabilizer. RH=76.15%, Temp=23.93C -> Dosed 0.066% v/v surfactant (gamma=50.36 mN/m). Dispatched 500.0mL batch over 4 channels.",40.0,1.25,0.33,458.42,500.0,50.36,4.0,0.12,0.03,9.17,PASSED,agri/actuator/zone_east_orchard/dosing_dispatch
RUN-AEB060B2,2026-08-25T04:45:00+00:00,zone_west_cotton,0.28,23.81,77.82,"UV=0.28 (t1/2=47.12h) -> Dosed 0.32% w/v lignin stabilizer. RH=77.82%, Temp=23.81C -> Dosed 0.065% v/v surfactant (gamma=50.73 mN/m). Dispatched 500.0mL batch over 4 channels.",40.0,1.6,0.32,458.08,500.0,50.73,4.0,0.16,0.03,9.16,PASSED,agri/actuator/zone_west_cotton/dosing_dispatch
RUN-D84E90EE,2026-08-25T05:00:00+00:00,zone_north_cotton,0.0,23.91,79.32,"UV=0.0 (t1/2=49.21h) -> Dosed 0.25% w/v lignin stabilizer. RH=79.32%, Temp=23.91C -> Dosed 0.064% v/v surfactant (gamma=51.03 mN/m). Dispatched 500.0mL batch over 4 channels.",40.0,1.25,0.32,458.43,500.0,51.03,4.0,0.12,0.03,9.17,PASSED,agri/actuator/zone_north_cotton/dosing_dispatch
RUN-F014314C,2026-08-25T05:15:00+00:00,zone_south_cotton,0.0,24.19,80.08,"UV=0.0 (t1/2=48.42h) -> Dosed 0.25% w/v lignin stabilizer. RH=80.08%, Temp=24.19C -> Dosed 0.063% v/v surfactant (gamma=51.16 mN/m). Dispatched 500.0mL batch over 4 channels.",40.0,1.25,0.32,458.43,500.0,51.16,4.0,0.12,0.03,9.17,PASSED,agri/actuator/zone_south_cotton/dosing_dispatch
RUN-39B855FA,2026-08-25T05:30:00+00:00,zone_east_orchard,0.13,23.94,78.93,"UV=0.13 (t1/2=48.0h) -> Dosed 0.28% w/v lignin stabilizer. RH=78.93%, Temp=23.94C -> Dosed 0.064% v/v surfactant (gamma=50.94 mN/m). Dispatched 500.0mL batch over 4 channels.",40.0,1.41,0.32,458.27,500.0,50.94,4.0,0.14,0.03,9.17,PASSED,agri/actuator/zone_east_orchard/dosing_dispatch
RUN-BA1362A4,2026-08-25T05:45:00+00:00,zone_west_cotton,0.0,23.52,78.31,"UV=0.0 (t1/2=50.34h) -> Dosed 0.25% w/v lignin stabilizer. RH=78.31%, Temp=23.52C -> Dosed 0.064% v/v surfactant (gamma=50.86 mN/m). Dispatched 500.0mL batch over 4 channels.",40.0,1.25,0.32,458.43,500.0,50.86,4.0,0.12,0.03,9.17,PASSED,agri/actuator/zone_west_cotton/dosing_dispatch
RUN-350F037C,2026-08-25T06:00:00+00:00,zone_north_cotton,0.49,23.42,77.65,"UV=0.49 (t1/2=46.53h) -> Dosed 0.37% w/v lignin stabilizer. RH=77.65%, Temp=23.42C -> Dosed 0.065% v/v surfactant (gamma=50.73 mN/m). Dispatched 500.0mL batch over 4 channels.",40.0,1.86,0.32,457.82,500.0,50.73,4.0,0.19,0.03,9.16,PASSED,agri/actuator/zone_north_cotton/dosing_dispatch
RUN-860FF176,2026-08-25T06:15:00+00:00,zone_south_cotton,0.07,24.87,74.44,"UV=0.07 (t1/2=45.98h) -> Dosed 0.27% w/v lignin stabilizer. RH=74.44%, Temp=24.87C -> Dosed 0.067% v/v surfactant (gamma=49.9 mN/m). Dispatched 500.0mL batch over 4 channels.",40.0,1.34,0.33,458.33,500.0,49.9,4.0,0.13,0.03,9.17,PASSED,agri/actuator/zone_south_cotton/dosing_dispatch
RUN-88578B6E,2026-08-25T06:30:00+00:00,zone_east_orchard,0.96,25.76,71.44,"UV=0.96 (t1/2=37.72h) -> Dosed 0.49% w/v lignin stabilizer. RH=71.44%, Temp=25.76C -> Dosed 0.069% v/v surfactant (gamma=49.16 mN/m). Dispatched 500.0mL batch over 4 channels.",40.0,2.45,0.35,457.2,500.0,49.16,4.0,0.25,0.03,9.14,PASSED,agri/actuator/zone_east_orchard/dosing_dispatch
RUN-1143994F,2026-08-25T06:45:00+00:00,zone_west_cotton,1.8,26.05,70.8,"UV=1.8 (t1/2=32.86h) -> Dosed 0.70% w/v lignin stabilizer. RH=70.8%, Temp=26.05C -> Dosed 0.070% v/v surfactant (gamma=48.99 mN/m). Dispatched 500.0mL batch over 4 channels.",40.0,3.5,0.35,456.15,500.0,48.99,4.0,0.35,0.03,9.12,PASSED,agri/actuator/zone_west_cotton/dosing_dispatch
RUN-03834F5E,2026-08-25T07:00:00+00:00,zone_north_cotton,2.98,27.38,68.39,"UV=2.98 (t1/2=26.26h) -> Dosed 0.99% w/v lignin stabilizer. RH=68.39%, Temp=27.38C -> Dosed 0.072% v/v surfactant (gamma=48.32 mN/m). Dispatched 500.0mL batch over 4 channels.",40.0,4.98,0.36,454.66,500.0,48.32,4.0,0.5,0.04,9.09,PASSED,agri/actuator/zone_north_cotton/dosing_dispatch
RUN-8FBA8A86,2026-08-25T07:15:00+00:00,zone_south_cotton,3.31,27.8,66.97,"UV=3.31 (t1/2=24.69h) -> Dosed 1.08% w/v lignin stabilizer. RH=66.97%, Temp=27.8C -> Dosed 0.073% v/v surfactant (gamma=47.96 mN/m). Dispatched 500.0mL batch over 4 channels.",40.0,5.39,0.36,454.25,500.0,47.96,4.0,0.54,0.04,9.09,PASSED,agri/actuator/zone_south_cotton/dosing_dispatch
RUN-BC5C5A57,2026-08-25T07:30:00+00:00,zone_east_orchard,3.51,29.16,60.27,"UV=3.51 (t1/2=22.37h) -> Dosed 1.13% w/v lignin stabilizer. RH=60.27%, Temp=29.16C -> Dosed 0.077% v/v surfactant (gamma=46.35 mN/m). Dispatched 500.0mL batch over 4 channels.",40.0,5.64,0.39,453.97,500.0,46.35,4.0,0.56,0.04,9.08,PASSED,agri/actuator/zone_east_orchard/dosing_dispatch
RUN-4EF4B56B,2026-08-25T07:45:00+00:00,zone_west_cotton,4.27,29.76,56.22,"UV=4.27 (t1/2=19.96h) -> Dosed 1.32% w/v lignin stabilizer. RH=56.22%, Temp=29.76C -> Dosed 0.080% v/v surfactant (gamma=45.4 mN/m). Dispatched 500.0mL batch over 4 channels.",40.0,6.59,0.4,453.01,500.0,45.4,4.0,0.66,0.04,9.06,PASSED,agri/actuator/zone_west_cotton/dosing_dispatch
RUN-EB8BD3A9,2026-08-25T08:00:00+00:00,zone_north_cotton,4.45,30.7,57.32,"UV=4.45 (t1/2=18.6h) -> Dosed 1.36% w/v lignin stabilizer. RH=57.32%, Temp=30.7C -> Dosed 0.080% v/v surfactant (gamma=45.51 mN/m). Dispatched 500.0mL batch over 4 channels.",40.0,6.81,0.4,452.79,500.0,45.51,4.0,0.68,0.04,9.06,PASSED,agri/actuator/zone_north_cotton/dosing_dispatch
RUN-F5ACC7D5,2026-08-25T08:15:00+00:00,zone_south_cotton,5.41,31.77,54.89,"UV=5.41 (t1/2=16.0h) -> Dosed 1.60% w/v lignin stabilizer. RH=54.89%, Temp=31.77C -> Dosed 0.082% v/v surfactant (gamma=44.84 mN/m). Dispatched 500.0mL batch over 4 channels.",40.0,8.01,0.41,451.58,500.0,44.84,4.0,0.8,0.04,9.03,PASSED,agri/actuator/zone_south_cotton/dosing_dispatch
RUN-D028DD79,2026-08-25T08:30:00+00:00,zone_east_orchard,6.17,31.5,52.24,"UV=6.17 (t1/2=15.19h) -> Dosed 1.79% w/v lignin stabilizer. RH=52.24%, Temp=31.5C -> Dosed 0.083% v/v surfactant (gamma=44.3 mN/m). Dispatched 500.0mL batch over 4 channels.",40.0,8.96,0.42,450.62,500.0,44.3,4.0,0.9,0.04,9.01,PASSED,agri/actuator/zone_east_orchard/dosing_dispatch
RUN-7F01EA83,2026-08-25T08:45:00+00:00,zone_west_cotton,6.82,32.36,51.01,"UV=6.82 (t1/2=13.73h) -> Dosed 1.96% w/v lignin stabilizer. RH=51.01%, Temp=32.36C -> Dosed 0.084% v/v surfactant (gamma=43.91 mN/m). Dispatched 500.0mL batch over 4 channels.",40.0,9.78,0.42,449.8,500.0,43.91,4.0,0.98,0.04,9.0,PASSED,agri/actuator/zone_west_cotton/dosing_dispatch
RUN-95ABD589,2026-08-25T09:00:00+00:00,zone_north_cotton,7.67,33.93,48.44,"UV=7.67 (t1/2=11.79h) -> Dosed 2.17% w/v lignin stabilizer. RH=48.44%, Temp=33.93C -> Dosed 0.087% v/v surfactant (gamma=43.12 mN/m). Dispatched 500.0mL batch over 4 channels.",40.0,10.84,0.43,448.73,500.0,43.12,4.0,1.08,0.04,8.97,PASSED,agri/actuator/zone_north_cotton/dosing_dispatch
RUN-4B6DB7BD,2026-08-25T09:15:00+00:00,zone_south_cotton,7.32,33.96,44.61,"UV=7.32 (t1/2=12.09h) -> Dosed 2.08% w/v lignin stabilizer. RH=44.61%, Temp=33.96C -> Dosed 0.089% v/v surfactant (gamma=42.28 mN/m). Dispatched 500.0mL batch over 4 channels.",40.0,10.4,0.45,449.15,500.0,42.28,4.0,1.04,0.04,8.98,PASSED,agri/actuator/zone_south_cotton/dosing_dispatch
RUN-FEFB66F2,2026-08-25T09:30:00+00:00,zone_east_orchard,8.42,35.29,43.38,"UV=8.42 (t1/2=10.37h) -> Dosed 2.35% w/v lignin stabilizer. RH=43.38%, Temp=35.29C -> Dosed 0.091% v/v surfactant (gamma=41.81 mN/m). Dispatched 500.0mL batch over 4 channels.",40.0,11.78,0.45,447.77,500.0,41.81,4.0,1.18,0.04,8.96,PASSED,agri/actuator/zone_east_orchard/dosing_dispatch
RUN-3C4CC4A3,2026-08-25T09:45:00+00:00,zone_west_cotton,7.96,35.98,44.96,"UV=7.96 (t1/2=10.33h) -> Dosed 2.24% w/v lignin stabilizer. RH=44.96%, Temp=35.98C -> Dosed 0.090% v/v surfactant (gamma=42.05 mN/m). Dispatched 500.0mL batch over 4 channels.",40.0,11.2,0.45,448.35,500.0,42.05,4.0,1.12,0.04,8.97,PASSED,agri/actuator/zone_west_cotton/dosing_dispatch
RUN-86CCBA85,2026-08-25T10:00:00+00:00,zone_north_cotton,9.22,36.29,40.07,"UV=9.22 (t1/2=9.29h) -> Dosed 2.56% w/v lignin stabilizer. RH=40.07%, Temp=36.29C -> Dosed 0.093% v/v surfactant (gamma=40.92 mN/m). Dispatched 500.0mL batch over 4 channels.",40.0,12.78,0.47,446.75,500.0,40.92,4.0,1.28,0.05,8.94,PASSED,agri/actuator/zone_north_cotton/dosing_dispatch
RUN-5633F963,2026-08-25T10:15:00+00:00,zone_south_cotton,9.27,36.48,39.02,"UV=9.27 (t1/2=9.17h) -> Dosed 2.57% w/v lignin stabilizer. RH=39.02%, Temp=36.48C -> Dosed 0.094% v/v surfactant (gamma=40.65 mN/m). Dispatched 500.0mL batch over 4 channels.",40.0,12.84,0.47,446.69,500.0,40.65,4.0,1.28,0.05,8.93,PASSED,agri/actuator/zone_south_cotton/dosing_dispatch
RUN-5D57CFD2,2026-08-25T10:30:00+00:00,zone_east_orchard,10.0,37.39,36.68,"UV=10.0 (t1/2=8.33h) -> Dosed 2.75% w/v lignin stabilizer. RH=36.68%, Temp=37.39C -> Dosed 0.096% v/v surfactant (gamma=39.99 mN/m). Dispatched 500.0mL batch over 4 channels.",40.0,13.75,0.48,445.77,500.0,39.99,4.0,1.38,0.05,8.92,PASSED,agri/actuator/zone_east_orchard/dosing_dispatch
RUN-273031DC,2026-08-25T10:45:00+00:00,zone_west_cotton,9.85,37.21,36.9,"UV=9.85 (t1/2=8.49h) -> Dosed 2.71% w/v lignin stabilizer. RH=36.9%, Temp=37.21C -> Dosed 0.096% v/v surfactant (gamma=40.07 mN/m). Dispatched 500.0mL batch over 4 channels.",40.0,13.56,0.48,445.96,500.0,40.07,4.0,1.36,0.05,8.92,PASSED,agri/actuator/zone_west_cotton/dosing_dispatch
